SEASON,PLAYER,TEAM,G,GS,MIN,PTS,FGM,FGA,FG%,2PM,2PA,2P%,3PM,3PA,3P%,FTM,FTA,FT%,ORB,DRB,TRB,AST,TOV,STL,BLK,PF
2023-24,Caitlin Clark,Iowa,6,6,37.8,30,9.8,23,42.80%,5.2,10,51.70%,4.7,13,35.90%,5.7,6.5,87.20%,0.8,6.8,7.7,8.7,4.5,1.7,0.5,2.3
2023-24,Paige Bueckers,UConn,5,5,39.1,25.8,10.4,21,49.50%,8.2,15,54.70%,2.2,6,36.70%,2.8,3.8,73.70%,1.8,6.2,8,4.6,2.4,2.6,1.2,1.8
2023-24,Aziaha James,NC State,5,5,37.6,23.4,7.6,16,47.50%,3.8,8.4,45.20%,3.8,7.6,50.00%,4.4,5.2,84.60%,0.2,3,3.2,3.2,1.2,0.8,0.2,1.4
2023-24,JuJu Watkins,Southern California,4,4,36.9,27.5,8.5,23,37.00%,6.3,15.3,41.00%,2.3,7.8,29.00%,8.3,9.3,89.20%,1,7,8,3.8,3.5,1.5,2.5,2.5
2023-24,Kate Martin,Iowa,6,6,34.4,14,4.8,11.2,43.30%,3.7,7.2,51.20%,1.2,4,29.20%,3.2,3.8,82.60%,1.3,7.3,8.7,1,3,0.8,0.5,1.5
2023-24,Aaliyah Edwards,UConn,5,5,33.4,16.8,6.6,11.2,58.90%,6.6,11.2,58.90%,0,0,--,3.6,5,72.00%,1.2,7.2,8.4,2,3.6,1.8,1.6,3.4
2023-24,Kiki Iriafen,Stanford,3,3,30.4,28,10.7,20,53.30%,10.7,19.7,54.20%,0,0.3,0.00%,6.7,7.3,90.90%,2.7,9,11.7,3.3,3.3,0.7,1.3,2.7
2023-24,Kamilla Cardoso,South Carolina,5,5,26.9,16.6,7.4,11.6,63.80%,7.4,11.6,63.80%,0,0,--,1.8,3.2,56.30%,4.6,6.2,10.8,1.4,0.6,0.8,1.6,1.8
2023-24,Flau'jae Johnson,LSU,4,4,38.2,20.5,7,12,58.30%,5.5,8.5,64.70%,1.5,3.5,42.90%,5,6.5,76.90%,1.8,4.5,6.3,2.3,2.5,1,2,2.3
2023-24,McKenzie Forbes,Southern California,4,4,35.5,20.3,7,16.8,41.80%,3,7.5,40.00%,4,9.3,43.20%,2.3,2.5,90.00%,1.3,1.3,2.5,3,3.8,1,1,2.5
2023-24,Sydney Affolter,Iowa,6,6,34.6,12.2,4.2,7.2,58.10%,3.3,5.2,64.50%,0.8,2,41.70%,3,3.7,81.80%,1.7,4,5.7,2,1.7,1.2,0,2
2023-24,Sonia Citron,Notre Dame,3,3,39.9,22.7,9,19,47.40%,7.3,14.3,51.20%,1.7,4.7,35.70%,3,3,100.00%,1,6.7,7.7,3.7,3,2,0.3,2.7
2023-24,MiLaysia Fulwiley,South Carolina,6,0,17,11.2,4.2,10.2,41.00%,2.2,5.3,40.60%,2,4.8,41.40%,0.8,1.2,71.40%,0.8,2.3,3.2,1.7,1.3,1.2,1,1.7
2023-24,Aneesah Morrow,LSU,4,4,36.5,16.3,6.5,13.5,48.10%,6.3,12.5,50.00%,0.3,1,25.00%,3,5,60.00%,3.3,6.3,9.5,1.5,2,1.5,0.3,2.5
2023-24,Saniya Rivers,NC State,5,5,36.4,13,4.2,13,32.30%,3.2,10,32.00%,1,3,33.30%,3.6,5.2,69.20%,0.2,5.2,5.4,2.2,2.4,1.4,1.2,1.4
2023-24,Hannah Stuelke,Iowa,6,6,26,10.8,3.7,7,52.40%,3.7,7,52.40%,0,0,--,3.5,5.2,67.70%,2.2,3.5,5.7,0.8,1.8,0.2,1.2,2.8
2023-24,Reigan Richardson,Duke,3,3,35.8,21,8.7,17,51.00%,7,12.7,55.30%,1.7,4.3,38.50%,2,2.3,85.70%,0.7,4.7,5.3,0.7,1.3,1.3,0.3,1.3
2023-24,Raegan Beers,Oregon St.,4,4,29.6,15.8,6.8,9.8,69.20%,6.8,9.8,69.20%,0,0,--,2.3,4.8,47.40%,2,7,9,0.8,3.3,1.3,1.5,2.8
2023-24,Angel Reese,LSU,4,4,34.9,15.8,4.8,14.3,33.30%,4.8,14.3,33.30%,0,0,--,6.3,9.3,67.60%,5,10.3,15.3,2,2.5,2.8,1.8,3.8
2023-24,Te-Hina Paopao,South Carolina,6,6,26.1,10.5,3.8,8.3,46.00%,1.5,3.2,47.40%,2.3,5.2,45.20%,0.5,0.7,75.00%,0.3,1.8,2.2,3.3,2,0.7,0.2,1
2023-24,Alissa Pili,Utah,2,2,35.2,30.5,11.5,20,57.50%,8,13,61.50%,3.5,7,50.00%,4,4.5,88.90%,2.5,4.5,7,2,2.5,2,1,4
2023-24,Tessa Johnson,South Carolina,6,1,24.9,10.2,3.3,8.2,40.80%,1.8,4.3,42.30%,1.5,3.8,39.10%,2,2.2,92.30%,0.5,1.7,2.2,1.3,0.7,0.5,0.2,1
2023-24,Mikaylah Williams,LSU,4,4,36.9,15,5.8,12.5,46.00%,3.8,8,46.90%,2,4.5,44.40%,1.5,2,75.00%,1,4,5,1.8,2.5,1,0,2.3
2023-24,Timea Gardiner,Oregon St.,4,4,31.7,15,5.3,10.5,50.00%,3.3,4.5,72.20%,2,6,33.30%,2.5,3,83.30%,0.8,8.5,9.3,2,2.5,0,1.3,2.5
2023-24,Rickea Jackson,Tennessee,2,2,33.8,29.5,11.5,18,63.90%,10.5,16,65.60%,1,2,50.00%,5.5,6,91.70%,1,8.5,9.5,1,2.5,0,0,2
2023-24,River Baldwin,NC State,5,5,26.5,11.6,4,7.8,51.30%,4,7.8,51.30%,0,0,--,3.6,4.2,85.70%,2,4.6,6.6,0.2,1.2,0.8,1.2,2.2
2023-24,Aaliyah Moore,Texas,4,4,27.5,14.3,5.5,11.3,48.90%,5.3,10.8,48.80%,0.3,0.5,50.00%,3,4.3,70.60%,3.8,4.5,8.3,2.8,2,1,0.5,2
2023-24,Kiki Rice,UCLA,3,3,33.5,19,5.7,12,47.20%,4.7,7.7,60.90%,1,4.3,23.10%,6.7,6.7,100.00%,0.7,4.7,5.3,3.3,2,0.3,0,2.3
2023-24,Yvonne Ejim,Gonzaga,3,3,29,18.7,7.7,15.7,48.90%,7.7,15,51.10%,0,0.7,0.00%,3.3,3.7,90.90%,2,8.7,10.7,3,2.3,0.3,0.7,4
2023-24,Ashlynn Shade,UConn,5,5,35,11,4.2,9.8,42.90%,1.8,3.8,47.40%,2.4,6,40.00%,0.2,0.2,100.00%,1.2,4.2,5.4,0.8,0.8,1.2,0,1.8
2023-24,Zoe Brooks,NC State,5,0,28.4,10.8,4,9.8,40.80%,3.8,8.2,46.30%,0.2,1.6,12.50%,2.6,3.6,72.20%,0.8,4,4.8,2.8,1.2,2.2,0.4,1.8
2023-24,Mackenzie Holmes,Indiana,3,3,30.9,18,7.3,14.3,51.20%,7.3,13,56.40%,0,1.3,0.00%,3.3,5,66.70%,1.3,4,5.3,1.7,1.3,0.7,3,2.3
2023-24,Emily Ryan,Iowa St.,2,2,39.6,27,8.5,15.5,54.80%,4,9.5,42.10%,4.5,6,75.00%,5.5,6,91.70%,1,4.5,5.5,9,7.5,1,1,2.5
2023-24,Dyaisha Fair,Syracuse,2,2,38.9,26,8.5,22,38.60%,4.5,10.5,42.90%,4,11.5,34.80%,5,6.5,76.90%,1,1,2,5,3.5,4.5,0,0.5
2023-24,Madison Booker,Texas,4,4,32.5,13,6,14,42.90%,6,13.5,44.40%,0,0.5,0.00%,1,1.3,80.00%,1,5.3,6.3,5.8,4.3,1,0.8,2.5
2023-24,Chloe Kitts,South Carolina,6,3,16.5,8.5,3.3,5.2,64.50%,3.3,5.2,64.50%,0,0,--,1.8,2.2,84.60%,1.5,4,5.5,0.5,1.2,0.2,0.3,1.3
2023-24,Sara Scalia,Indiana,3,3,35.6,17,5.3,11.7,45.70%,2.7,4.7,57.10%,2.7,7,38.10%,3.7,4,91.70%,0.7,3.3,4,1.7,1,0.3,0.3,0.7
2023-24,Jada Walker,Baylor,3,3,30.5,17,6.7,13.3,50.00%,6.3,13,48.70%,0.3,0.3,100.00%,3.3,4,83.30%,1,1.3,2.3,4.3,1.7,1.3,0,3.3
2023-24,Audi Crooks,Iowa St.,2,2,33,25,10.5,20.5,51.20%,10.5,20,52.50%,0,0.5,0.00%,4,7,57.10%,3.5,6.5,10,0,2.5,0,1,3.5
2023-24,Maddy Westbeld,Notre Dame,3,3,35,16,6.3,13.7,46.30%,5.3,10.7,50.00%,1,3,33.30%,2.3,2.7,87.50%,2.3,3.3,5.7,1.7,1,2.3,1.7,4
2023-24,Sarah Andrews,Baylor,3,3,31.3,15.3,5.3,13.3,40.00%,2,5.7,35.30%,3.3,7.7,43.50%,1.3,4.3,30.80%,0.3,1.7,2,3.7,2.7,1.7,0.3,2.7
2023-24,Raven Johnson,South Carolina,6,6,28.8,7.7,3,7.3,40.90%,1.8,4.5,40.70%,1.2,2.8,41.20%,0.5,1.2,42.90%,0.7,3.8,4.5,4.3,0.7,2.8,0.3,1.7
2023-24,Lauren Jensen,Creighton,2,2,38.6,22.5,8,17,47.10%,4,11,36.40%,4,6,66.70%,2.5,2.5,100.00%,0,5.5,5.5,2.5,1.5,1,0.5,2
2023-24,Sydney Parrish,Indiana,3,3,32.8,15,5,11,45.50%,2.3,4.7,50.00%,2.7,6.3,42.10%,2.3,2.7,87.50%,1.7,4.3,6,3.7,1,1.3,1.7,3
2023-24,Skylar Vann,Oklahoma,2,2,28.5,22,8.5,20.5,41.50%,7.5,15,50.00%,1,5.5,18.20%,4,5,80.00%,2.5,3,5.5,1,0.5,0.5,1,1
2023-24,Sania Feagin,South Carolina,6,1,19.1,7.3,3.2,7.2,44.20%,3.2,6.7,47.50%,0,0.5,0.00%,1,1.2,85.70%,1.8,3.7,5.5,0.8,1,0.5,0.8,2
2023-24,Ja'Naiya Quinerly,West Virginia,2,2,37.3,22,8,16.5,48.50%,6,12,50.00%,2,4.5,44.40%,4,6,66.70%,2,2.5,4.5,2,4,3,0,3
2023-24,Kayleigh Truong,Gonzaga,3,3,28.8,14.3,3.7,8.3,44.00%,2,3.3,60.00%,1.7,5,33.30%,5.3,5.7,94.10%,0.7,3.7,4.3,2.7,3,1.7,0,2.7
2023-24,Savannah Wheeler,Middle Tenn.,2,2,39.4,21.5,7,19,36.80%,5,12.5,40.00%,2,6.5,30.80%,5.5,6,91.70%,0.5,4,4.5,3.5,5,1,0,3.5
2023-24,Hannah Hidalgo,Notre Dame,3,3,36.9,14.3,5,14.7,34.10%,4.3,11.7,37.10%,0.7,3,22.20%,3.7,5.3,68.80%,0,3.3,3.3,6,3,4.3,0,2.3
2023-24,KK Arnold,UConn,5,5,33.3,8.4,3.6,8,45.00%,3,5.6,53.60%,0.6,2.4,25.00%,0.6,1,60.00%,0.2,3.2,3.4,2.8,2.6,2.4,0,3
2023-24,Rayah Marshall,Southern California,4,4,26.4,10.3,4.3,9,47.20%,4.3,9,47.20%,0,0,--,1.8,2.3,77.80%,2.8,7.8,10.5,1.5,0.8,2,1.5,2.3
2023-24,Ashlyn Watkins,South Carolina,6,3,21.7,6.8,3,6.8,43.90%,3,6.8,43.90%,0,0,--,0.8,1.5,55.60%,3,6,9,1.2,2.2,1.5,2.3,1.7
2023-24,Gabriela Jaquez,UCLA,3,1,30.8,13.7,5,10.3,48.40%,4.3,6,72.20%,0.7,4.3,15.40%,3,3.7,81.80%,3.3,4.3,7.7,1.7,1.3,0.7,0,1.7
2023-24,Hannah Jump,Stanford,3,3,39.1,13.7,5,10,50.00%,1.7,2.7,62.50%,3.3,7.3,45.50%,0.3,0.3,100.00%,0,1.7,1.7,2.3,1,0.3,0.3,0.7
2023-24,Aaronette Vonleh,Colorado,3,3,28.1,13.3,6,13.3,45.00%,6,13.3,45.00%,0,0,--,1.3,3,44.40%,2.3,5.3,7.7,0.7,1.7,3.3,1.7,2
2023-24,Matilda Ekh,Virginia Tech,2,2,35.1,20,6.5,10.5,61.90%,2,3,66.70%,4.5,7.5,60.00%,2.5,3,83.30%,0.5,4,4.5,1,0.5,0.5,0.5,1
2023-24,Cotie McMahon,Ohio St.,2,2,32.5,20,7,14,50.00%,7,13.5,51.90%,0,0.5,0.00%,6,9,66.70%,0,3.5,3.5,1,1,0.5,0,2
2023-24,Gabbie Marshall,Iowa,6,6,36.6,6.5,2.2,5.7,38.20%,0.3,1,33.30%,1.8,4.7,39.30%,0.3,0.7,50.00%,0.3,2.3,2.7,1.2,0.8,1.7,0.3,1
2023-24,Shaylee Gonzales,Texas,4,4,33.1,9.5,3.8,8.3,45.50%,1.8,4.5,38.90%,2,3.8,53.30%,0,0,--,0.5,2.8,3.3,3,0.5,2,0.5,3.5
2023-24,Cameron Brink,Stanford,3,3,23.6,12.7,6,12,50.00%,5.7,11.7,48.60%,0.3,0.3,100.00%,0.3,1.3,25.00%,3,7.7,10.7,2,2,1,6,4.3
2023-24,Talia von Oelhoffen,Oregon St.,4,4,31.6,9.5,3,10.5,28.60%,1.5,5.8,26.10%,1.5,4.8,31.60%,2,2,100.00%,0.5,3.3,3.8,7,3.5,0.8,1,2.3
2023-24,Iyana Moore,Vanderbilt,2,2,38.6,18.5,5,16,31.30%,2,9,22.20%,3,7,42.90%,5.5,8,68.80%,1.5,3,4.5,3.5,3,2,0,3
2023-24,Skylar Jones,Arizona,2,2,37.6,18.5,6,11,54.50%,6,9,66.70%,0,2,0.00%,6.5,8.5,76.50%,2.5,2.5,5,3.5,3.5,3,0.5,3.5
2023-24,S'Mya Nichols,Kansas,2,2,35.9,18.5,5,13.5,37.00%,4.5,11.5,39.10%,0.5,2,25.00%,8,8.5,94.10%,1,2,3,2.5,4,1,0,3.5
2023-24,Emma Ronsiek,Creighton,2,2,36.9,18.5,7.5,14.5,51.70%,5,7.5,66.70%,2.5,7,35.70%,1,1,100.00%,1,1,2,1.5,0,1.5,0,1.5
2023-24,Yarden Garzon,Indiana,3,3,33.7,12,4,11,36.40%,2.3,5.3,43.80%,1.7,5.7,29.40%,2.3,3,77.80%,1.3,3.7,5,3.7,3.3,0.7,0.3,2.3
2023-24,Maddie Nolan,Colorado,3,3,26.5,11.7,4,10,40.00%,1.3,1.7,80.00%,2.7,8.3,32.00%,1,1.3,75.00%,1.7,3,4.7,1,1.3,0.7,0,1.7
2023-24,Madison Scott,Ole Miss,2,2,34.6,17.5,8.5,17,50.00%,8.5,17,50.00%,0,0,--,0.5,0.5,100.00%,1,5,6,3.5,3.5,0.5,0,3
2023-24,Clara Strack,Virginia Tech,2,2,26,17.5,6.5,7.5,86.70%,6,7,85.70%,0.5,0.5,100.00%,4,5.5,72.70%,1,6.5,7.5,2,2,0.5,3,2
2023-24,Bronagh Power-Cassidy,Holy Cross,2,2,31.5,17,6,14.5,41.40%,2.5,4.5,55.60%,3.5,10,35.00%,1.5,1.5,100.00%,1.5,2,3.5,2.5,1.5,2,0.5,2
2023-24,Cara McCormack,Holy Cross,2,2,28.9,17,6,13.5,44.40%,1,2.5,40.00%,5,11,45.50%,0,0,--,1,5,6,1,1.5,1,0,2
2023-24,Lauren Betts,UCLA,2,2,35.9,17,6.5,12,54.20%,6.5,12,54.20%,0,0,--,4,7.5,53.30%,4.5,9,13.5,3,2,0,2,3
2023-24,Jaylyn Sherrod,Colorado,3,3,29.5,11.3,4.3,9.3,46.40%,4.3,7,61.90%,0,2.3,0.00%,2.7,4.7,57.10%,0.7,1,1.7,7,3.7,2,0,3
2023-24,Gabby Gregory,Kansas St.,2,2,34.1,17,5.5,12,45.80%,3,5.5,54.50%,2.5,6.5,38.50%,3.5,4,87.50%,0,3.5,3.5,0.5,2.5,0.5,0,3
2023-24,Taylor Jones,Texas,3,2,15.8,11.3,4,8,50.00%,4,8,50.00%,0,0,--,3.3,4,83.30%,1.7,2.7,4.3,1,0.3,0.3,1.3,0.7
2023-24,Chloe Moore-McNeil,Indiana,3,3,35.4,11.3,4,8.7,46.20%,2.3,5,46.70%,1.7,3.7,45.50%,1.7,3,55.60%,0.7,5.3,6,6.3,1.3,1.3,0.3,2.3
2023-24,DeYona Gaston,Texas,4,2,20.1,8.5,3.3,7.5,43.30%,3.3,7.5,43.30%,0,0,--,2,3.3,61.50%,3,2.8,5.8,0.3,1.5,0,1,1.3
2023-24,Morgan Maly,Creighton,2,2,32.6,17,6.5,13,50.00%,4,6.5,61.50%,2.5,6.5,38.50%,1.5,2.5,60.00%,0.5,4.5,5,3,1.5,0.5,0.5,3
2023-24,Mimi Collins,NC State,5,5,26.4,6.6,2.2,5.6,39.30%,1.4,2.6,53.80%,0.8,3,26.70%,1.4,2,70.00%,1.2,3.4,4.6,0.6,0.8,0.6,0.4,3
2023-24,Anna DeWolfe,Notre Dame,3,3,30.2,11,4.7,7.7,60.90%,3,4.7,64.30%,1.7,3,55.60%,0,0,--,0.3,0.3,0.7,1.7,1,0.7,0,1.7
2023-24,Brynna Maxwell,Gonzaga,3,3,32.9,11,3.7,10.3,35.50%,2,4.7,42.90%,1.7,5.7,29.40%,2,2.7,75.00%,0.7,2,2.7,0,1,3.7,0.7,1
2023-24,Darianna Littlepage-Buggs,Baylor,3,3,27.6,11,5.3,9.7,55.20%,5.3,9.7,55.20%,0,0,--,0.3,0.3,100.00%,2,4.7,6.7,1.7,2.3,1,0.7,2
2023-24,Bree Hall,South Carolina,5,5,23.8,6.4,2.2,6.6,33.30%,1.4,3.6,38.90%,0.8,3,26.70%,1.2,1.8,66.70%,0.6,0.8,1.4,2.4,1.2,0.6,0.4,2.2
2023-24,Ashlon Jackson,Duke,3,3,31.4,10.7,3.3,6.7,50.00%,1.3,2.3,57.10%,2,4.3,46.20%,2,2.3,85.70%,0,2.7,2.7,2.3,2.7,0.7,0,2
2023-24,Jacy Sheldon,Ohio St.,2,2,37.5,16,6,13.5,44.40%,4.5,8,56.30%,1.5,5.5,27.30%,2.5,3.5,71.40%,1.5,2,3.5,4,1.5,0,0,2.5
2023-24,Aaliyah Nye,Alabama,2,2,38.9,16,7,18.5,37.80%,5,11,45.50%,2,7.5,26.70%,0,0,--,1,4,5,2,1,1.5,0,3
2023-24,Ayoka Lee,Kansas St.,2,2,33.4,15.5,6,10.5,57.10%,6,10.5,57.10%,0,0,--,3.5,4,87.50%,3,7,10,1,2,0.5,3.5,3
2023-24,Jada Williams,Arizona,2,2,37.3,15.5,3.5,13.5,25.90%,2,6,33.30%,1.5,7.5,20.00%,7,8.5,82.40%,0.5,1,1.5,3,4.5,0.5,0,2.5
2023-24,Bella Fontleroy,Baylor,3,3,32.7,10.3,3.7,9.3,39.30%,2,3.7,54.50%,1.7,5.7,29.40%,1.3,1.3,100.00%,0.3,7,7.3,0.7,0.3,1,2.3,2.3
2023-24,Jalynn Gregory,Middle Tenn.,2,2,36.3,15,3.5,10,35.00%,0.5,1.5,33.30%,3,8.5,35.30%,5,5.5,90.90%,0.5,2.5,3,2,0.5,0.5,0,3
2023-24,Helena Pueyo,Arizona,2,2,39.5,15,6,9.5,63.20%,4,6,66.70%,2,3.5,57.10%,1,1,100.00%,0.5,4,4.5,3,3.5,3.5,1,1.5
2023-24,Kayla Padilla,Southern California,4,4,31.6,7.5,2.5,7,35.70%,0.5,1.3,40.00%,2,5.8,34.80%,0.5,0.8,66.70%,0.8,2,2.8,3,1,1.3,0.3,2
2023-24,Kennedy Todd-Williams,Ole Miss,2,2,34.3,15,5,12.5,40.00%,3.5,7.5,46.70%,1.5,5,30.00%,3.5,5,70.00%,1,4.5,5.5,2,2,2.5,0,2
2023-24,Desi-Rae Young,UNLV,1,1,30.7,30,15,19,78.90%,15,19,78.90%,0,0,--,0,3,0.00%,2,7,9,3,4,0,0,4
2023-24,Eliza Hollingsworth,Gonzaga,3,3,32.3,9.7,3.3,6,55.60%,1.7,3,55.60%,1.7,3,55.60%,1.3,1.7,80.00%,2,2.3,4.3,2.3,2,1,0.7,3
2023-24,Allie Kubek,Maryland,1,0,30.1,29,10,12,83.30%,3,4,75.00%,7,8,87.50%,2,2,100.00%,1,4,5,1,1,1,0,2
2023-24,Kennady McQueen,Utah,2,2,29.3,14.5,6,12,50.00%,3.5,5,70.00%,2.5,7,35.70%,0,0,--,0,5.5,5.5,3.5,1,1.5,0,2.5
2023-24,Donovyn Hunter,Oregon St.,4,4,30.1,7.3,2.5,4,62.50%,1.3,2,62.50%,1.3,2,62.50%,1,1.3,80.00%,0.3,3.8,4,4.3,2,0.8,0.8,2.5
2023-24,Dominika Paurova,Oregon St.,4,0,19,7.3,3,5,60.00%,2.3,3.5,64.30%,0.8,1.5,50.00%,0.5,0.8,66.70%,0.3,1.3,1.5,2,3.3,0.5,0.3,1
2023-24,Kindyll Wetta,Colorado,3,0,28.7,9.3,3.3,6,55.60%,2,3.3,60.00%,1.3,2.7,50.00%,1.3,2,66.70%,2.3,1.7,4,3,1.7,2.3,0,2.3
2023-24,Zakiyah Franklin,Kansas,2,2,41.3,14,6,12,50.00%,5,9,55.60%,1,3,33.30%,1,2,50.00%,1,2.5,3.5,3,2.5,1,0,1.5
2023-24,Charisma Osborne,UCLA,3,3,34.6,9.3,3.7,9.7,37.90%,2.3,5.3,43.80%,1.3,4.3,30.80%,0.7,0.7,100.00%,2,6,8,5.7,3.3,2,0,2.3
2023-24,Alyssa Ustby,North Carolina,2,2,36.2,14,6,14,42.90%,6,13.5,44.40%,0,0.5,0.00%,2,5,40.00%,3.5,8,11.5,3,4,1,2,3.5
2023-24,Kaylynne Truong,Gonzaga,3,3,34.7,9,3,11,27.30%,0.7,3.7,18.20%,2.3,7.3,31.80%,0.7,0.7,100.00%,0.7,1.7,2.3,4.7,2,1.7,0,2
2023-24,Hailey Van Lith,LSU,4,4,28.2,6.8,1.5,7.5,20.00%,1,4.5,22.20%,0.5,3,16.70%,3.3,3.5,92.90%,0.5,1.8,2.3,3,2.3,1.8,0,3
2023-24,Shay Holle,Texas,4,4,38,6.8,3,7,42.90%,2.5,5.5,45.50%,0.5,1.5,33.30%,0.3,0.5,50.00%,2,3,5,1.3,2.3,2,1.8,1.5
2023-24,Nika Muhl,UConn,5,5,37.4,5.4,1.8,5,36.00%,0.6,1.8,33.30%,1.2,3.2,37.50%,0.6,1.2,50.00%,1.2,3,4.2,7,3,2.2,0.6,3
2023-24,Georgia Amoore,Virginia Tech,2,2,29.8,13.5,5.5,17,32.40%,3.5,9,38.90%,2,8,25.00%,0.5,0.5,100.00%,0.5,0.5,1,5,3.5,0,0.5,3
2023-24,Oluchi Okananwa,Duke,3,0,21.8,9,2.7,6.3,42.10%,2,3.7,54.50%,0.7,2.7,25.00%,3,3.7,81.80%,3,2.3,5.3,1.7,3.7,0.3,0.7,2.3
2023-24,Serena Sundell,Kansas St.,2,2,36.4,13.5,4.5,8.5,52.90%,2,5,40.00%,2.5,3.5,71.40%,2,6.5,30.80%,0.5,4,4.5,7.5,6,1,0.5,3
2023-24,Elena Bosgana,Stanford,3,3,21.1,9,3.3,6.3,52.60%,2,3,66.70%,1.3,3.3,40.00%,1,1.3,75.00%,0.3,2.3,2.7,2.7,1.3,0.3,0,1.7
2023-24,Georgia Woolley,Syracuse,2,2,29.6,13,5,12,41.70%,3,6.5,46.20%,2,5.5,36.40%,1,1.5,66.70%,1,4.5,5.5,2.5,5,1,0.5,2
2023-24,Lily Hansford,Oregon St.,4,0,20.2,6.5,2.3,6,37.50%,0.3,0.3,100.00%,2,5.8,34.80%,0,0,--,0.5,2.5,3,0.8,0.5,0.3,1,0.8
2023-24,Aicha Coulibaly,Texas A&M,1,1,38.3,26,11,17,64.70%,9,14,64.30%,2,3,66.70%,2,2,100.00%,5,5,10,2,3,2,1,2
2023-24,Londynn Jones,UCLA,3,3,24.8,8.7,2.7,11.3,23.50%,0.3,2.3,14.30%,2.3,9,25.90%,1,1.3,75.00%,0.3,1,1.3,1.3,1.3,0.7,0.3,2.3
2023-24,Essence Cody,Alabama,2,2,29.9,13,5,9.5,52.60%,4.5,8.5,52.90%,0.5,1,50.00%,2.5,3,83.30%,3,7,10,0,1,1,2,4
2023-24,Sahara Williams,Oklahoma,2,2,16.4,13,3.5,5.5,63.60%,3.5,4.5,77.80%,0,1,0.00%,6,7,85.70%,1.5,4,5.5,0.5,2,0,0.5,4
2023-24,Maria Gakdeng,North Carolina,2,2,25.7,12.5,6,9.5,63.20%,6,9.5,63.20%,0,0,--,0.5,0.5,100.00%,5.5,2.5,8,0.5,1,0.5,3.5,2.5
2023-24,Ta'Niya Latson,Florida St.,1,1,32.8,25,9,23,39.10%,9,21,42.90%,0,2,0.00%,7,8,87.50%,1,1,2,5,2,0,2,0
2023-24,Anne Simon,Maine,1,1,39.1,25,11,21,52.40%,10,16,62.50%,1,5,20.00%,2,5,40.00%,0,3,3,3,3,3,0,4
2023-24,Loyal McQueen,Alabama,2,2,38,12.5,4,7,57.10%,3,5.5,54.50%,1,1.5,66.70%,3.5,4.5,77.80%,0,3.5,3.5,3.5,4.5,0,0,1
2023-24,Ti'lan Boler,Jackson St.,1,1,37.5,25,8,20,40.00%,3,8,37.50%,5,12,41.70%,4,6,66.70%,0,3,3,0,2,1,1,2
2023-24,Janelle Allen,Holy Cross,2,2,23.4,12,4,10,40.00%,4,9,44.40%,0,1,0.00%,4,6,66.70%,1.5,4.5,6,4.5,1,0.5,1,3.5
2023-24,Katie Dinnebier,Drake,1,1,34.4,24,9,15,60.00%,6,8,75.00%,3,7,42.90%,3,3,100.00%,0,0,0,7,4,1,0,2
2023-24,Taiyanna Jackson,Kansas,2,2,33.5,12,4,10,40.00%,4,10,40.00%,0,0,--,4,7,57.10%,4.5,8.5,13,4,0.5,2,1.5,4
2023-24,Alexis Markowski,Nebraska,2,2,25.7,12,4.5,12.5,36.00%,4.5,10,45.00%,0,2.5,0.00%,3,3,100.00%,1,6,7,1,3,0.5,0,2.5
2023-24,Sacha Washington,Vanderbilt,2,2,28.7,12,6,7.5,80.00%,6,7.5,80.00%,0,0,--,0,2,0.00%,4.5,4.5,9,0.5,3.5,1.5,0,4.5
2023-24,Makayla Timpson,Florida St.,1,1,36.2,23,11,21,52.40%,11,21,52.40%,0,0,--,1,2,50.00%,8,3,11,1,3,2,3,4
2023-24,Karly Weathers,Alabama,2,2,38,11.5,4.5,8,56.30%,3,5,60.00%,1.5,3,50.00%,1,2,50.00%,2.5,2.5,5,4,3,0.5,0.5,1
2023-24,Addy Brown,Iowa St.,2,2,31.8,11.5,4.5,9.5,47.40%,2.5,5,50.00%,2,4.5,44.40%,0.5,1,50.00%,1,5,6,4,4,0.5,0.5,4
2023-24,Logan Nissley,Nebraska,2,2,27.1,11.5,4,7.5,53.30%,2,4,50.00%,2,3.5,57.10%,1.5,2,75.00%,1.5,2,3.5,0,1,1.5,0,2
2023-24,Sophie Burrows,Syracuse,2,1,24,11.5,4,9,44.40%,0.5,1.5,33.30%,3.5,7.5,46.70%,0,0,--,0.5,1.5,2,1.5,2.5,0.5,0,1
2023-24,Dre'una Edwards,Baylor,3,0,18,7.7,3,7,42.90%,1.7,4.3,38.50%,1.3,2.7,50.00%,0.3,2,16.70%,1.7,5,6.7,1.7,1.3,1,0.7,2.7
2023-24,Kennedy Brown,Duke,3,3,28.3,7.7,3.3,8,41.70%,3.3,7.7,43.50%,0,0.3,0.00%,1,1,100.00%,3.7,3.7,7.3,2,2,0.3,0.3,3.7
2023-24,Quay Miller,Colorado,3,3,25.5,7.7,2.7,7.3,36.40%,2,5,40.00%,0.7,2.3,28.60%,1.7,2,83.30%,2,4.7,6.7,1.7,2,1.3,0,2.7
2023-24,Frida Formann,Colorado,3,3,20.3,7.7,2.3,6.7,35.00%,1.3,3.3,40.00%,1,3.3,30.00%,2,2.7,75.00%,0.3,1,1.3,1,2,1.3,0.3,2
2023-24,Sarah Ashlee Barker,Alabama,2,2,25.1,11.5,4.5,13,34.60%,4,10.5,38.10%,0.5,2.5,20.00%,2,2.5,80.00%,1.5,3.5,5,1,4.5,1,0.5,4
2023-24,Wyvette Mayberry,Kansas,2,2,37.9,11.5,4,9.5,42.10%,1.5,4,37.50%,2.5,5.5,45.50%,1,1,100.00%,0.5,1.5,2,3,1.5,1,0,1.5
2023-24,Tameiya Sadler,Colorado,3,0,18.1,7.7,3.7,6.7,55.00%,3.3,6,55.60%,0.3,0.7,50.00%,0,0,--,0.7,1,1.7,1.7,0.3,1.3,0,0.3
2023-24,Jordyn Cambridge,Vanderbilt,2,2,35.5,11,3.5,9,38.90%,2.5,5,50.00%,1,4,25.00%,3,5,60.00%,1,3,4,5,1.5,2.5,0.5,3.5
2023-24,Khadija Faye,Texas,4,0,8.8,5.5,1.3,3.3,38.50%,1.3,3.3,38.50%,0,0,--,3,3.5,85.70%,1.8,2,3.8,0,0.8,0.5,0.8,1.3
2023-24,Emani Jefferson,FGCU,1,1,32.4,22,8,22,36.40%,6,16,37.50%,2,6,33.30%,4,7,57.10%,6,6,12,4,4,2,1,4
2023-24,Ta'Mia Scott,Middle Tenn.,2,2,35.1,11,4,13.5,29.60%,2.5,8.5,29.40%,1.5,5,30.00%,1.5,4,37.50%,2.5,2.5,5,1.5,3,0.5,1.5,3
2023-24,Mara Neira,Presbyterian,2,2,24.9,11,3.5,9.5,36.80%,2,4,50.00%,1.5,5.5,27.30%,2.5,2.5,100.00%,0.5,4,4.5,1.5,2.5,1.5,0,1.5
2023-24,Madison St. Rose,Princeton,1,1,36.4,22,5,18,27.80%,2,7,28.60%,3,11,27.30%,9,11,81.80%,2,1,3,0,4,2,0,3
2023-24,Khamil Pierre,Vanderbilt,2,2,25.9,11,4,9,44.40%,4,9,44.40%,0,0,--,3,5,60.00%,1,3.5,4.5,0,4.5,1.5,0.5,3
2023-24,Esmery Martinez,Arizona,2,2,27.5,10.5,4,5,80.00%,2.5,3,83.30%,1.5,2,75.00%,1,2,50.00%,0.5,6.5,7,0.5,4.5,5,1,4.5
2023-24,Aubrey Joens,Oklahoma,2,0,19.9,10.5,4,5.5,72.70%,2,3,66.70%,2,2.5,80.00%,0.5,0.5,100.00%,0.5,4,4.5,0.5,0.5,0,0,1
2023-24,Addison O'Grady,Iowa,6,0,9.1,3.5,1.7,3.3,50.00%,1.7,3.3,50.00%,0,0,--,0.2,0.7,25.00%,0.7,1.5,2.2,0.3,0.7,0,0.8,1.7
2023-24,Maisie Burnham,Portland,1,1,28.2,21,9,12,75.00%,9,11,81.80%,0,1,0.00%,3,6,50.00%,3,5,8,3,3,1,0,4
2023-24,Jamie Loera,Eastern Wash.,1,1,36.9,21,10,23,43.50%,9,19,47.40%,1,4,25.00%,0,0,--,1,2,3,4,1,4,1,1
2023-24,Kitty Henderson,Columbia,1,1,38.8,20,7,10,70.00%,4,5,80.00%,3,5,60.00%,3,5,60.00%,2,7,9,2,7,1,0,3
2023-24,Anastasiia Boldyreva,Middle Tenn.,2,2,26.2,10,4.5,6,75.00%,4,4.5,88.90%,0.5,1.5,33.30%,0.5,1,50.00%,0.5,6.5,7,0,3,0,3,3.5
2023-24,Katie Shumate,Kent St.,1,1,39.1,20,7,17,41.20%,5,11,45.50%,2,6,33.30%,4,4,100.00%,4,7,11,2,5,2,1,2
2023-24,Madison Hayes,NC State,5,5,30.5,4,1.2,5,24.00%,0.4,1.8,22.20%,0.8,3.2,25.00%,0.8,1,80.00%,0.8,4.6,5.4,2.2,1,0.4,0.2,1.6
2023-24,Deja Kelly,North Carolina,2,2,38.8,10,3,11.5,26.10%,2,7.5,26.70%,1,4,25.00%,3,7,42.90%,0.5,2.5,3,2,5.5,0.5,0,2.5
2023-24,Jewel Spear,Tennessee,2,2,27.1,10,4,8,50.00%,2,3,66.70%,2,5,40.00%,0,0,--,0.5,1,1.5,2.5,2,0,0,2
2023-24,Janelle Brown,Fairfield,1,1,28.8,19,7,15,46.70%,5,11,45.50%,2,4,50.00%,3,4,75.00%,3,3,6,2,2,2,1,2
2023-24,Liza Karlen,Marquette,1,1,40,19,8,23,34.80%,7,17,41.20%,1,6,16.70%,2,2,100.00%,5,9,14,4,1,1,4,3
2023-24,Angela Dugalić,UCLA,3,3,21,6.3,2.3,8.3,28.00%,0.7,3.3,20.00%,1.7,5,33.30%,0,0,--,1.7,4,5.7,1.7,3,0.7,1,2.7
2023-24,Diamond Johnson,Norfolk St.,1,1,36.4,19,7,24,29.20%,7,16,43.80%,0,8,0.00%,5,6,83.30%,1,6,7,2,1,4,0,2
2023-24,Shyanne Sellers,Maryland,1,1,30.2,19,6,11,54.50%,5,9,55.60%,1,2,50.00%,6,6,100.00%,1,6,7,6,1,0,0,4
2023-24,Brooke Demetre,Stanford,3,0,25.5,6.3,2.3,5.3,43.80%,1.3,2.7,50.00%,1,2.7,37.50%,0.7,0.7,100.00%,1.7,3,4.7,1.7,2,0.7,0.3,2
2023-24,Sara Puckett,Tennessee,2,2,28.2,9.5,3.5,8.5,41.20%,2,5,40.00%,1.5,3.5,42.90%,1,1,100.00%,0.5,3.5,4,0.5,1,0,0.5,1.5
2023-24,Last-Tear Poa,LSU,4,0,16.3,4.5,1.3,3.8,33.30%,0.3,1.8,14.30%,1,2,50.00%,1,1.3,80.00%,0,1.3,1.3,2.5,1.3,0.8,0.5,2
2023-24,Jordan Harrison,West Virginia,2,2,30.3,9,3,5.5,54.50%,2.5,4.5,55.60%,0.5,1,50.00%,2.5,4,62.50%,1,3,4,6,3.5,2,0,4.5
2023-24,Janae Tyler,Kent St.,1,0,26.2,18,8,11,72.70%,8,11,72.70%,0,0,--,2,3,66.70%,1,2,3,0,2,0,1,1
2023-24,Carleigh Wenzel,Virginia Tech,2,0,23.2,9,2,6.5,30.80%,1.5,5,30.00%,0.5,1.5,33.30%,4.5,5.5,81.80%,1,2.5,3.5,4,1.5,0.5,1,2
2023-24,Holly Kersgieter,Kansas,2,2,38.6,9,3.5,9,38.90%,3,5.5,54.50%,0.5,3.5,14.30%,1.5,2,75.00%,0,8,8,2.5,2.5,2.5,0,1.5
2023-24,Jasmine Powell,Tennessee,2,2,29,9,2,6,33.30%,1.5,4.5,33.30%,0.5,1.5,33.30%,4.5,7,64.30%,1,4,5,6.5,2.5,0.5,0,2.5
2023-24,Aijha Blackwell,Baylor,3,3,22.1,6,2.3,6,38.90%,2,5.3,37.50%,0.3,0.7,50.00%,1,1.3,75.00%,2.7,4,6.7,0.3,2,1.3,0,2.3
2023-24,Celeste Taylor,Ohio St.,2,2,30.5,9,3,7,42.90%,2,3.5,57.10%,1,3.5,28.60%,2,2.5,80.00%,0.5,3.5,4,3,2.5,5,0.5,3.5
2023-24,Rose Nkumu,Marquette,1,1,39.1,18,6,10,60.00%,4,7,57.10%,2,3,66.70%,4,6,66.70%,1,3,4,5,1,3,0,2
2023-24,Cameron Williams,Michigan,1,1,31.2,18,7,14,50.00%,7,14,50.00%,0,0,--,4,4,100.00%,1,3,4,0,1,1,0,5
2023-24,Nevaeh Parkinson,UC Irvine,1,0,24.5,18,8,10,80.00%,8,10,80.00%,0,0,--,2,2,100.00%,7,3,10,0,1,1,0,3
2023-24,Grace Townsend,Richmond,1,1,38.3,18,9,16,56.30%,9,16,56.30%,0,0,--,0,0,--,0,0,0,8,1,2,0,1
2023-24,Kinsley Barrington,California Baptist,1,1,28.7,18,7,15,46.70%,6,10,60.00%,1,5,20.00%,3,4,75.00%,1,2,3,1,3,3,0,4
2023-24,Bryanna Brady,Presbyterian,2,2,31.6,8.5,3,7.5,40.00%,3,7,42.90%,0,0.5,0.00%,2.5,3,83.30%,0.5,3.5,4,0,0.5,0,0.5,3
2023-24,Tamari Key,Tennessee,2,2,18.1,8.5,4,5,80.00%,4,5,80.00%,0,0,--,0.5,1,50.00%,1,2,3,1.5,2,0.5,1.5,3.5
2023-24,Cayla King,Virginia Tech,2,2,26.9,8.5,2.5,4,62.50%,1,1,100.00%,1.5,3,50.00%,2,2,100.00%,0,3.5,3.5,2.5,2.5,1,0.5,4.5
2023-24,Olivia Cochran,Louisville,1,1,31.3,17,8,17,47.10%,7,15,46.70%,1,2,50.00%,0,0,--,2,8,10,2,0,1,1,4
2023-24,Addie Budnik,Richmond,1,1,40,17,6,11,54.50%,1,3,33.30%,5,8,62.50%,0,0,--,0,1,1,3,3,0,2,0
2023-24,Hannah Belanger,Iowa St.,2,2,39.6,8.5,3,6,50.00%,1,2.5,40.00%,2,3.5,57.10%,0.5,1,50.00%,0,1,1,1,0,1,0.5,1
2023-24,Taylor Thierry,Ohio St.,2,2,25,8.5,3,5.5,54.50%,3,5,60.00%,0,0.5,0.00%,2.5,4,62.50%,3,0.5,3.5,1,1,1,0.5,3
2023-24,Kaitlyn Chen,Princeton,1,1,39.8,17,7,16,43.80%,5,11,45.50%,2,5,40.00%,1,4,25.00%,0,2,2,2,5,2,0,4
2023-24,Kierra Wheeler,Norfolk St.,1,1,34.8,17,8,23,34.80%,8,23,34.80%,0,0,--,1,1,100.00%,5,3,8,0,1,0,4,4
2023-24,Tilda SjÃ¶kvist,Presbyterian,2,2,38,8.5,3.5,17,20.60%,3,12,25.00%,0.5,5,10.00%,1,1,100.00%,0.5,2.5,3,4.5,3.5,1.5,0.5,1.5
2023-24,Ice Brady,UConn,5,0,17.1,3.4,1.4,4,35.00%,1.2,3.4,35.30%,0.2,0.6,33.30%,0.4,0.6,66.70%,0.4,2.2,2.6,1.4,1.2,0.2,1,2.2
2023-24,Alyssa Latham,Syracuse,2,2,33.9,8,4,10,40.00%,4,9,44.40%,0,1,0.00%,0,0,--,2,3.5,5.5,1,2,2.5,1,4
2023-24,Kaitlyn Davis,Southern California,4,4,30.8,4,1.8,5,35.00%,1.8,5,35.00%,0,0,--,0.5,1.5,33.30%,1.8,3.3,5,1.5,0.5,0.3,0.8,3.3
2023-24,Payton Verhulst,Oklahoma,2,2,33.5,8,2.5,10.5,23.80%,1.5,5.5,27.30%,1,5,20.00%,2,2,100.00%,0.5,3,3.5,3,1.5,1.5,1,3
2023-24,Laila Phelia,Michigan,1,1,43.2,16,6,14,42.90%,6,13,46.20%,0,1,0.00%,4,6,66.70%,1,3,4,5,4,0,0,3
2023-24,Kiara Jackson,UNLV,1,1,38.3,16,7,14,50.00%,5,10,50.00%,2,4,50.00%,0,0,--,0,5,5,6,1,1,0,1
2023-24,Taina Mair,Duke,3,3,27,5.3,1,7,14.30%,0.3,3.3,10.00%,0.7,3.7,18.20%,2.7,3,88.90%,0.7,2,2.7,3,2.7,1.3,0,1.7
2023-24,Paige Kindseth,Presbyterian,2,2,23.8,7.5,3,5,60.00%,3,4,75.00%,0,1,0.00%,1.5,2,75.00%,0.5,4,4.5,0.5,2.5,0.5,0.5,1.5
2023-24,Maggie Doogan,Richmond,1,1,37.1,15,5,13,38.50%,1,6,16.70%,4,7,57.10%,1,2,50.00%,0,7,7,1,7,2,0,3
2023-24,Anaya Brown,UT Martin,1,1,36.9,15,5,19,26.30%,5,16,31.30%,0,3,0.00%,5,6,83.30%,3,3,6,1,0,0,0,3
2023-24,Moulayna Johnson Sidi Baba,UC Irvine,1,1,30.1,15,3,13,23.10%,3,13,23.10%,0,0,--,9,11,81.80%,5,7,12,2,2,2,0,1
2023-24,Rebeka Mikulasikova,Ohio St.,2,2,31.6,7.5,2.5,5.5,45.50%,2,4,50.00%,0.5,1.5,33.30%,2,2,100.00%,1,2.5,3.5,4,1.5,0,0,3
2023-24,Jaz Shelley,Nebraska,2,2,37.9,7.5,2.5,10.5,23.80%,2,5,40.00%,0.5,5.5,9.10%,2,3,66.70%,0,5.5,5.5,6.5,2.5,1,0.5,1.5
2023-24,Destiny Jackson,Rice,1,1,33.3,15,6,13,46.20%,4,10,40.00%,2,3,66.70%,1,2,50.00%,2,1,3,4,4,2,0,4
2023-24,Dasia Young,Utah,2,0,20.6,7.5,3,6.5,46.20%,2.5,4.5,55.60%,0.5,2,25.00%,1,1,100.00%,1,1.5,2.5,0,1,1.5,0,3
2023-24,Mireia Aguado,A&M-Corpus Christi,1,1,28.1,15,6,8,75.00%,6,8,75.00%,0,0,--,3,4,75.00%,0,4,4,1,5,1,1,1
2023-24,Kylee Blacksten,West Virginia,2,2,20.5,7.5,2.5,4,62.50%,1.5,2,75.00%,1,2,50.00%,1.5,3.5,42.90%,2,1,3,0,1,0.5,1,4
2023-24,Olivia Rockwood,Maine,1,1,35.4,15,5,10,50.00%,0,0,--,5,10,50.00%,0,0,--,0,3,3,0,2,2,0,4
2023-24,Kyah Watson,West Virginia,2,2,39.1,7.5,3,7.5,40.00%,1.5,3,50.00%,1.5,4.5,33.30%,0,0,--,1,4,5,1,1.5,2,1,4
2023-24,Jordyn Oliver,Vanderbilt,2,0,27.8,7,3,6,50.00%,3,6,50.00%,0,0,--,1,2.5,40.00%,2.5,2,4.5,3,2.5,1,1,0
2023-24,Brylee Bartram,FGCU,1,0,22.3,14,5,10,50.00%,1,1,100.00%,4,9,44.40%,0,0,--,0,1,1,0,0,0,1,0
2023-24,Faith Masonius,Maryland,1,1,35.9,14,7,15,46.70%,7,14,50.00%,0,1,0.00%,0,0,--,1,2,3,2,1,4,1,4
2023-24,Julia Ayrault,Michigan St.,1,1,28.5,14,5,14,35.70%,3,7,42.90%,2,7,28.60%,2,2,100.00%,1,8,9,1,1,3,1,3
2023-24,Darian White,Nebraska,2,0,16.9,7,2.5,5,50.00%,2.5,5,50.00%,0,0,--,2,3,66.70%,0.5,3,3.5,1,1.5,1,0.5,0.5
2023-24,Tori Nelson,South Dakota St.,1,1,30,14,4,7,57.10%,2,4,50.00%,2,3,66.70%,4,8,50.00%,0,4,4,0,3,1,1,1
2023-24,Courtney Becker,Drake,1,1,30.1,14,5,5,100.00%,4,4,100.00%,1,1,100.00%,3,4,75.00%,1,2,3,2,4,5,2,3
2023-24,Jana Van Gytenbeek,Baylor,3,0,16.7,4.7,1.3,3.3,40.00%,0.7,1,66.70%,0.7,2.3,28.60%,1.3,1.3,100.00%,0,0.3,0.3,1.3,1.7,0,0,2.3
2023-24,Theryn Hallock,Michigan St.,1,0,33.1,14,5,10,50.00%,4,7,57.10%,1,3,33.30%,3,4,75.00%,0,1,1,1,2,1,1,1
2023-24,Justine Pissott,Vanderbilt,2,2,28.4,7,2.5,8.5,29.40%,2,4,50.00%,0.5,4.5,11.10%,1.5,1.5,100.00%,1,2,3,2,1.5,0.5,0.5,2
2023-24,Cecelia Collins,Columbia,1,1,35.2,13,6,11,54.50%,6,9,66.70%,0,2,0.00%,1,2,50.00%,2,4,6,5,2,0,0,2
2023-24,Maddy Schreiber,Green Bay,1,1,26.4,13,6,8,75.00%,5,6,83.30%,1,2,50.00%,0,0,--,3,1,4,0,0,0,0,4
2023-24,Jenna Batsch,Kent St.,1,1,32.1,13,4,13,30.80%,1,8,12.50%,3,5,60.00%,2,2,100.00%,1,1,2,2,2,0,0,4
2023-24,Natalija Marshall,Notre Dame,3,3,35.7,4.3,2,4.7,42.90%,2,4.7,42.90%,0,0,--,0.3,0.7,50.00%,1.3,4,5.3,2.7,1,1,1,3.7
2023-24,Malia Fisher,Rice,1,1,24.2,13,6,15,40.00%,5,10,50.00%,1,5,20.00%,0,0,--,2,3,5,2,3,3,0,5
2023-24,Jenna Johnson,Utah,2,2,34.5,6.5,2.5,6,41.70%,2,3,66.70%,0.5,3,16.70%,1,1,100.00%,1,6,7,4,0,0,1.5,3.5
2023-24,Reyna Scott,Oklahoma,2,0,12.9,6.5,2.5,4,62.50%,1.5,3,50.00%,1,1,100.00%,0.5,1,50.00%,0.5,1.5,2,1.5,0.5,1,0.5,1
2023-24,Brooklyn Meyer,South Dakota St.,1,1,31.1,13,4,9,44.40%,4,9,44.40%,0,0,--,5,6,83.30%,3,2,5,3,9,0,1,3
2023-24,Deja Lee,UC Irvine,1,1,33.2,13,5,14,35.70%,3,6,50.00%,2,8,25.00%,1,1,100.00%,0,1,1,0,3,3,0,3
2023-24,Honesty Scott-Grayson,Auburn,1,1,31,13,6,16,37.50%,6,15,40.00%,0,1,0.00%,1,3,33.30%,1,3,4,1,6,3,0,5
2023-24,Abbey Hsu,Columbia,1,1,37.9,13,3,14,21.40%,1,3,33.30%,2,11,18.20%,5,8,62.50%,0,5,5,1,2,2,0,4
2023-24,Taylor McAulay,Drake,1,1,30,13,3,6,50.00%,1,1,100.00%,2,5,40.00%,5,6,83.30%,0,4,4,2,2,4,1,2
2023-24,Moira Joiner,Michigan St.,1,1,37.1,13,4,9,44.40%,0,4,0.00%,4,5,80.00%,1,2,50.00%,1,2,3,2,2,0,0,4
2023-24,Angel Jackson,Jackson St.,1,1,29.9,13,5,9,55.60%,5,8,62.50%,0,1,0.00%,3,4,75.00%,3,1,4,0,1,0,2,3
2023-24,Jada Guinn,Chattanooga,1,1,33.4,13,5,15,33.30%,5,15,33.30%,0,0,--,3,6,50.00%,0,7,7,2,0,0,0,2
2023-24,Lauren Hansen,Michigan,1,1,31.7,13,5,13,38.50%,2,5,40.00%,3,8,37.50%,0,0,--,0,1,1,4,1,0,0,0
2023-24,Breya Cunningham,Arizona,2,2,18.8,6.5,3,5,60.00%,3,5,60.00%,0,0,--,0.5,2,25.00%,1.5,2,3.5,0.5,0.5,0,1.5,4
2023-24,Kenley McCarn,UT Martin,1,1,37.3,12,6,19,31.60%,6,16,37.50%,0,3,0.00%,0,0,--,0,6,6,1,1,3,0,3
2023-24,Kelsey Joens,Iowa St.,2,0,16.6,6,1.5,3,50.00%,0.5,1,50.00%,1,2,50.00%,2,2,100.00%,0,2,2,1,1,0,0,0
2023-24,Rose Micheaux,Virginia Tech,2,0,11,6,2.5,3.5,71.40%,2.5,3.5,71.40%,0,0,--,1,2,50.00%,1,4,5,0.5,1,0,0,3
2023-24,Paige Meyer,South Dakota St.,1,1,35.7,12,4,13,30.80%,4,11,36.40%,0,2,0.00%,4,6,66.70%,2,6,8,2,2,0,0,2
2023-24,Dionna Gray,Kent St.,1,1,38.7,12,3,8,37.50%,1,4,25.00%,2,4,50.00%,4,6,66.70%,0,3,3,5,3,0,0,2
2023-24,Ny'Ceara Pryor,Sacred Heart,1,1,39.2,12,3,19,15.80%,3,17,17.60%,0,2,0.00%,6,8,75.00%,4,3,7,4,2,7,0,4
2023-24,Amina Muhammad,Texas,4,0,11.7,3,1.3,3.5,35.70%,1.3,3.5,35.70%,0,0,--,0.5,0.5,100.00%,1.5,1.5,3,1,0.5,0.5,0,2
2023-24,Kianna Hamilton-Fisher,Portland,1,0,27.8,12,4,7,57.10%,3,5,60.00%,1,2,50.00%,3,4,75.00%,1,2,3,2,1,0,0,4
2023-24,Tyia Singleton,Ole Miss,2,2,31,6,3,4.5,66.70%,3,4.5,66.70%,0,0,--,0,0,--,1.5,4,5.5,0.5,3.5,1,0.5,1.5
2023-24,Alecia Westbrook,A&M-Corpus Christi,1,1,34.1,12,4,13,30.80%,4,12,33.30%,0,1,0.00%,4,6,66.70%,2,4,6,3,4,3,0,3
2023-24,Nina Rickards,Louisville,1,1,27.2,12,5,10,50.00%,5,10,50.00%,0,0,--,2,2,100.00%,2,3,5,2,5,0,0,5
2023-24,Rita Igbokwe,Ole Miss,2,2,25.8,6,2.5,4,62.50%,2.5,4,62.50%,0,0,--,1,2,50.00%,4,4,8,0.5,1,0.5,0,3.5
2023-24,Jacinta Buckley,Eastern Wash.,1,1,33,12,4,10,40.00%,1,3,33.30%,3,7,42.90%,1,2,50.00%,2,3,5,0,0,1,0,3
2023-24,Lexi Donarski,North Carolina,2,2,38.3,6,1.5,13,11.50%,0,6.5,0.00%,1.5,6.5,23.10%,1.5,2,75.00%,0.5,1,1.5,1,1,1,0,2.5
2023-24,Annika Stewart,Nebraska,2,0,9,6,2,4,50.00%,1,2.5,40.00%,1,1.5,66.70%,1,1,100.00%,1.5,0.5,2,0,0.5,0,0,1.5
2023-24,Abby Beeman,Marshall,1,1,27.4,12,4,14,28.60%,4,10,40.00%,0,4,0.00%,4,6,66.70%,2,3,5,4,3,1,0,2
2023-24,Sara Bejedi,Florida St.,1,1,37.2,11,4,10,40.00%,1,4,25.00%,3,6,50.00%,0,0,--,0,1,1,2,1,2,0,2
2023-24,Tess Darby,Tennessee,2,0,22.9,5.5,2,3.5,57.10%,0.5,0.5,100.00%,1.5,3,50.00%,0,0,--,0.5,3.5,4,0,0,0.5,0,1.5
2023-24,Jayla Hemingway,West Virginia,2,0,24,5.5,1.5,8,18.80%,0.5,3,16.70%,1,5,20.00%,1.5,4,37.50%,0.5,2,2.5,0.5,1,0.5,0,3
2023-24,Lindsay Berger,Holy Cross,2,0,19.4,5.5,2,3.5,57.10%,2,3.5,57.10%,0,0,--,1.5,2,75.00%,2,3,5,1.5,1,0,0,2
2023-24,Adrianna Smith,Maine,1,1,37.4,11,5,7,71.40%,4,5,80.00%,1,2,50.00%,0,0,--,0,6,6,6,9,1,0,3
2023-24,Raven Thompson,Chattanooga,1,1,23.4,11,4,9,44.40%,4,9,44.40%,0,0,--,3,4,75.00%,0,4,4,1,1,2,0,3
2023-24,Ayanna Thompson,Ole Miss,2,0,22.8,5.5,2,5.5,36.40%,1.5,3,50.00%,0.5,2.5,20.00%,1,1,100.00%,0,0.5,0.5,1,3,2,0,2.5
2023-24,Janiah Barker,Texas A&M,1,1,29.8,11,4,11,36.40%,2,7,28.60%,2,4,50.00%,1,1,100.00%,1,4,5,1,2,1,1,3
2023-24,Jaelyn Glenn,Kansas St.,2,2,28.9,5,2,7.5,26.70%,1.5,4.5,33.30%,0.5,3,16.70%,0.5,1,50.00%,1,3,4,2,1.5,2,0,3.5
2023-24,Sussy Ngulefac,Rice,1,1,32.2,10,5,8,62.50%,5,8,62.50%,0,0,--,0,0,--,1,2,3,0,3,0,0,3
2023-24,Kharyssa Richardson,Ole Miss,2,0,14.8,5,1.5,4.5,33.30%,1.5,4.5,33.30%,0,0,--,2,2,100.00%,0.5,2,2.5,0,2.5,0.5,0.5,0
2023-24,Simone Foreman,Holy Cross,2,0,19.5,5,2,7.5,26.70%,2,4,50.00%,0,3.5,0.00%,1,1.5,66.70%,2,4,6,1,1.5,1,0.5,1.5
2023-24,Mackenzie Hare,Marquette,1,1,40,10,3,12,25.00%,1,4,25.00%,2,8,25.00%,2,2,100.00%,0,1,1,0,4,1,0,3
2023-24,KK Bransford,Notre Dame,3,0,20.2,3.3,1.7,4,41.70%,1.7,3.7,45.50%,0,0.3,0.00%,0,0,--,0.3,0.3,0.7,1.7,0.3,0.3,0.3,1.3
2023-24,Sierra Johnson,Sacred Heart,1,1,39.1,10,5,10,50.00%,5,6,83.30%,0,4,0.00%,0,0,--,0,5,5,2,3,0,0,3
2023-24,Indya Nivar,North Carolina,2,2,27.3,5,2,8.5,23.50%,1.5,6,25.00%,0.5,2.5,20.00%,0.5,1,50.00%,0.5,3,3.5,2,3,1,0.5,2.5
2023-24,Maty Wilke,Utah,2,2,27.2,5,1.5,7.5,20.00%,1,3,33.30%,0.5,4.5,11.10%,1.5,2,75.00%,1,2,3,2,2,2,0,2.5
2023-24,Amaris Baker,Drexel,1,1,38.5,10,5,13,38.50%,5,11,45.50%,0,2,0.00%,0,0,--,0,0,0,1,3,1,0,0
2023-24,Jadyn Donovan,Duke,3,3,19.3,3.3,1.7,3.7,45.50%,1.7,3.7,45.50%,0,0,--,0,0,--,2.3,4.3,6.7,2,2,1,2,2.7
2023-24,Delaney Thomas,Duke,3,0,16.2,3.3,0.7,1.7,40.00%,0.7,1.7,40.00%,0,0,--,2,2,100.00%,0.3,4,4.3,0.3,0.3,0.7,0.3,1.3
2023-24,Meghan Andersen,Fairfield,1,1,31.9,10,4,12,33.30%,2,5,40.00%,2,7,28.60%,0,0,--,0,0,0,2,0,0,2,2
2023-24,Love Mays,UT Martin,1,1,38.1,10,3,7,42.90%,2,3,66.70%,1,4,25.00%,3,4,75.00%,1,5,6,0,1,1,0,1
2023-24,Marquesha Davis,Ole Miss,2,2,27.9,5,1.5,9.5,15.80%,1.5,9.5,15.80%,0,0,--,2,3,66.70%,1.5,1,2.5,1.5,2,1.5,0,3
2023-24,Nae Nae Calhoun,California Baptist,1,1,37.7,10,4,13,30.80%,3,7,42.90%,1,6,16.70%,1,2,50.00%,1,5,6,2,4,5,1,2
2023-24,Dolly Cairns,FGCU,1,1,35.9,10,4,8,50.00%,2,3,66.70%,2,5,40.00%,0,0,--,0,2,2,0,0,1,0,1
2023-24,Emily Klaczek,Rice,1,1,38.4,10,3,16,18.80%,0,5,0.00%,3,11,27.30%,1,2,50.00%,0,3,3,1,3,2,0,2
2023-24,Mahogany Matthews,Marshall,1,1,28.4,9,4,9,44.40%,3,5,60.00%,1,4,25.00%,0,0,--,0,2,2,2,2,1,1,3
2023-24,Elissa Brett,Michigan,1,1,42,9,3,10,30.00%,0,1,0.00%,3,9,33.30%,0,0,--,0,3,3,4,0,0,0,4
2023-24,Courtney Whitson,Middle Tenn.,2,2,38.3,4.5,1,6.5,15.40%,0.5,1.5,33.30%,0.5,5,10.00%,2,3.5,57.10%,3.5,5,8.5,1.5,0.5,1,1.5,4.5
2023-24,Andriana Avent,Jackson St.,1,0,21,9,1,6,16.70%,0,0,--,1,6,16.70%,6,7,85.70%,0,2,2,0,2,0,0,0
2023-24,Olivia Summiel,Virginia Tech,2,2,28.6,4.5,1.5,5,30.00%,1,3,33.30%,0.5,2,25.00%,1,1,100.00%,1.5,8,9.5,3,2,0.5,0.5,2
2023-24,Nuria Cunill,Presbyterian,2,0,15.7,4.5,1.5,3.5,42.90%,1.5,3.5,42.90%,0,0,--,1.5,2,75.00%,2.5,2,4.5,1,2.5,0,0,0
2023-24,Jasmine Kondrakiewicz,Green Bay,1,1,16,9,3,7,42.90%,2,4,50.00%,1,3,33.30%,2,2,100.00%,2,0,2,1,0,1,1,5
2023-24,Merissah Russell,Louisville,1,0,31.6,9,4,11,36.40%,3,6,50.00%,1,5,20.00%,0,0,--,3,2,5,4,2,2,1,2
2023-24,Siobhan Ryan,Richmond,1,1,25.3,9,3,4,75.00%,2,2,100.00%,1,2,50.00%,2,2,100.00%,0,1,1,0,0,0,0,4
2023-24,Kay Kay Green,Texas A&M,1,1,29.9,9,3,7,42.90%,2,4,50.00%,1,3,33.30%,2,2,100.00%,1,0,1,4,2,1,0,4
2023-24,Jayme Horan,Creighton,2,0,10.9,4.5,1.5,2,75.00%,0,0,--,1.5,2,75.00%,0,0,--,0,1,1,1.5,1,0,0,2
2023-24,Molly Mogensen,Creighton,2,2,32.1,4.5,1.5,5,30.00%,1,3.5,28.60%,0.5,1.5,33.30%,1,1,100.00%,1,5.5,6.5,7,2,1,0.5,1.5
2023-24,DeeDee Hagemann,Michigan St.,1,1,40,9,2,3,66.70%,2,2,100.00%,0,1,0.00%,5,5,100.00%,0,2,2,8,2,2,0,4
2023-24,Yaya Felder,Baylor,3,0,12.5,3,0.3,3.3,10.00%,0.3,1.7,20.00%,0,1.7,0.00%,2.3,2.7,87.50%,0.3,1,1.3,0.3,0.7,0.3,0,1.7
2023-24,Emina Selimovic,Fairfield,1,1,29.2,9,3,10,30.00%,0,4,0.00%,3,6,50.00%,0,0,--,0,5,5,1,1,1,0,1
2023-24,Clarice Akunwafo,Southern California,4,0,12.1,2.3,1,1.8,57.10%,1,1.8,57.10%,0,0,--,0.3,1,25.00%,2,2.3,4.3,0.5,0,1,2.8,1.3
2023-24,Kaitlyn Flanagan,Holy Cross,2,2,23.6,4.5,1.5,3.5,42.90%,0.5,1,50.00%,1,2.5,40.00%,0.5,1,50.00%,0,2,2,4.5,2.5,0.5,0,2
2023-24,Bri McDaniel,Maryland,1,1,29.8,9,3,13,23.10%,2,9,22.20%,1,4,25.00%,2,2,100.00%,0,1,1,5,4,1,0,4
2023-24,Chyra Evans,Michigan,1,0,29.1,9,4,4,100.00%,3,3,100.00%,1,1,100.00%,0,0,--,2,3,5,3,1,0,0,5
2023-24,Nalyce Dudley,Sacred Heart,1,1,33.4,9,4,11,36.40%,4,11,36.40%,0,0,--,1,2,50.00%,6,4,10,1,0,2,1,1
2023-24,Yakiya Milton,Auburn,1,0,28.9,8,4,4,100.00%,4,4,100.00%,0,0,--,0,0,--,0,3,3,1,3,0,3,3
2023-24,Celia Sumbane,Auburn,1,0,14.3,8,2,4,50.00%,2,3,66.70%,0,1,0.00%,4,4,100.00%,2,1,3,1,0,1,0,1
2023-24,Fliss Henderson,Columbia,1,1,23,8,2,5,40.00%,2,5,40.00%,0,0,--,4,4,100.00%,2,5,7,2,1,0,0,4
2023-24,Camilla Emsbo,Duke,3,0,10.1,2.7,1.3,2.3,57.10%,1.3,2.3,57.10%,0,0,--,0,0.7,0.00%,1,1,2,0,1,0,1.3,1
2023-24,Chloe Webb,California Baptist,1,1,35.7,8,2,10,20.00%,2,7,28.60%,0,3,0.00%,4,4,100.00%,0,3,3,3,2,1,0,3
2023-24,Paige Allen,A&M-Corpus Christi,1,1,31.2,8,2,11,18.20%,1,8,12.50%,1,3,33.30%,3,5,60.00%,6,3,9,2,2,0,0,3
2023-24,Nyamer Diew,Iowa St.,2,0,15.2,4,1.5,4.5,33.30%,1,1.5,66.70%,0.5,3,16.70%,0.5,2,25.00%,0,2,2,1.5,0,0.5,0.5,2
2023-24,Emme Shearer,Portland,1,1,22.5,8,4,6,66.70%,4,4,100.00%,0,2,0.00%,0,0,--,1,1,2,0,3,3,0,4
2023-24,Olivia Tucker,Sacred Heart,1,1,36.8,8,3,10,30.00%,1,3,33.30%,2,7,28.60%,0,0,--,1,3,4,0,0,2,0,2
2023-24,Mallory Brake,Creighton,2,2,22.5,4,2,4.5,44.40%,2,4,50.00%,0,0.5,0.00%,0,0,--,1.5,3,4.5,2.5,0.5,3,0,1.5
2023-24,Maud Huijbens,Gonzaga,3,0,18,2.7,1,2,50.00%,0.7,1.7,40.00%,0.3,0.3,100.00%,0.3,1.3,25.00%,1.7,0.7,2.3,1,1.7,0.7,0.3,2.3
2023-24,Mar'shaun Bostic,Auburn,1,0,22.7,8,3,9,33.30%,3,8,37.50%,0,1,0.00%,2,4,50.00%,0,1,1,6,2,2,1,3
2023-24,Tirzah Moore,West Virginia,2,0,15.3,4,2,4,50.00%,2,4,50.00%,0,0,--,0,0.5,0.00%,0.5,2.5,3,0.5,0.5,0,0,2
2023-24,Susie Rafiu,Columbia,1,1,21.7,8,4,7,57.10%,4,7,57.10%,0,0,--,0,0,--,1,0,1,1,3,0,1,1
2023-24,Zyanna Walker,Kansas St.,2,0,17.7,4,1.5,3,50.00%,1.5,1.5,100.00%,0,1.5,0.00%,1,2,50.00%,0,4.5,4.5,2,1,2,0,3
2023-24,Callin Hake,Nebraska,2,0,19.5,4,1,5.5,18.20%,0.5,2,25.00%,0.5,3.5,14.30%,1.5,1.5,100.00%,0.5,1,1.5,1.5,1,0,0,0.5
2023-24,Kennedi Perkins,Syracuse,2,0,15.6,4,2,2,100.00%,2,2,100.00%,0,0,--,0,1,0.00%,0.5,0,0.5,1.5,0.5,0.5,0.5,0
2023-24,Jillian Hollingshead,Tennessee,2,0,15.6,4,1.5,2.5,60.00%,1.5,2.5,60.00%,0,0,--,1,2,50.00%,0,2,2,0.5,1,0,0,1
2023-24,Christeen Iwuala,UCLA,3,0,6.7,2.7,1,1.3,75.00%,1,1.3,75.00%,0,0,--,0.7,2,33.30%,1,0.7,1.7,0,0.3,0.7,0,1.3
2023-24,Kendall Coley,Nebraska,2,0,16.4,3.5,1.5,3,50.00%,1,1.5,66.70%,0.5,1.5,33.30%,0,0,--,0,2,2,0.5,0,0.5,0,1.5
2023-24,Jayda Curry,Louisville,1,0,27.5,7,2,10,20.00%,1,7,14.30%,1,3,33.30%,2,2,100.00%,2,2,4,1,2,0,0,5
2023-24,O'Mariah Gordon,Florida St.,1,1,32.3,7,3,11,27.30%,2,8,25.00%,1,3,33.30%,0,0,--,1,2,3,4,4,3,1,3
2023-24,Jenna Guyer,Green Bay,1,0,17,7,3,8,37.50%,2,4,50.00%,1,4,25.00%,0,0,--,0,1,1,0,1,0,0,5
2023-24,Brylee Glenn,Kansas St.,2,2,29.1,3.5,1,4.5,22.20%,1,3,33.30%,0,1.5,0.00%,1.5,2,75.00%,0,2,2,2,2,1.5,0,1.5
2023-24,Jordan Hobbs,Michigan,1,1,41.8,7,3,8,37.50%,2,4,50.00%,1,4,25.00%,0,0,--,0,8,8,5,4,0,0,2
2023-24,Alyssa Brown,UNLV,1,1,31.4,7,3,9,33.30%,2,3,66.70%,1,6,16.70%,0,0,--,0,3,3,4,2,1,1,4
2023-24,Sydney Shaw,Auburn,1,1,31.5,7,3,10,30.00%,3,9,33.30%,0,1,0.00%,1,2,50.00%,1,3,4,1,2,3,0,5
2023-24,Lexus Bargesser,Indiana,3,0,12.3,2.3,0.7,1.7,40.00%,0.7,1.7,40.00%,0,0,--,1,1.3,75.00%,0,2.3,2.3,2.3,0.7,0.7,0.3,1.7
2023-24,Jalynn Bristow,Iowa St.,2,0,16.3,3.5,1.5,2,75.00%,1.5,1.5,100.00%,0,0.5,0.00%,0.5,1.5,33.30%,2.5,1.5,4,0,1,0.5,0.5,1
2023-24,Elif Istanbulluoglu,Louisville,1,0,12.6,7,2,4,50.00%,1,1,100.00%,1,3,33.30%,2,2,100.00%,0,1,1,0,0,0,0,2
2023-24,Breanna Campbell,Marshall,1,1,29.8,7,3,9,33.30%,3,6,50.00%,0,3,0.00%,1,1,100.00%,3,1,4,2,3,2,0,1
2023-24,Anjanae Richardson,Norfolk St.,1,0,20.3,7,3,6,50.00%,2,3,66.70%,1,3,33.30%,0,2,0.00%,1,3,4,2,2,0,0,1
2023-24,Dyani Ananiev,Portland,1,0,20.5,7,3,9,33.30%,3,7,42.90%,0,2,0.00%,1,1,100.00%,1,2,3,3,2,4,1,0
2023-24,Grace Berg,Drake,1,1,28.3,7,3,6,50.00%,3,6,50.00%,0,0,--,1,2,50.00%,0,2,2,2,6,1,0,2
2023-24,Natalie Andersen,Green Bay,1,0,28.4,7,2,6,33.30%,1,5,20.00%,1,1,100.00%,2,2,100.00%,0,0,0,0,0,0,0,1
2023-24,Sydney Taylor,Louisville,1,1,30.6,7,2,6,33.30%,1,1,100.00%,1,5,20.00%,2,2,100.00%,1,1,2,3,1,0,0,3
2023-24,Camryn Brown,UCLA,3,0,15.9,2.3,1,1.7,60.00%,1,1.7,60.00%,0,0,--,0.3,0.7,50.00%,1.3,1.7,3,0.3,1,0,0.3,2
2023-24,Aaliyah Alexander,Eastern Wash.,1,1,27.7,7,3,17,17.60%,3,11,27.30%,0,6,0.00%,1,1,100.00%,1,1,2,0,3,1,0,0
2023-24,Mackenzie Daleba,Fairfield,1,0,10.1,7,3,6,50.00%,2,4,50.00%,1,2,50.00%,0,0,--,1,2,3,0,1,1,0,2
2023-24,Callie Wright,Holy Cross,2,2,16.1,3.5,1.5,3,50.00%,1.5,3,50.00%,0,0,--,0.5,1,50.00%,2,4,6,1,0,0.5,1,1
2023-24,Rikki Harris,Ohio St.,2,0,15.9,3.5,0.5,3,16.70%,0,1,0.00%,0.5,2,25.00%,2,3,66.70%,0,1,1,0.5,0,1.5,0,0.5
2023-24,McKelle Meek,Portland,1,1,21.5,7,2,4,50.00%,1,2,50.00%,1,2,50.00%,2,2,100.00%,0,1,1,5,0,2,0,4
2023-24,Kelsey Rees,Oregon St.,4,0,11,1.8,0.8,1.5,50.00%,0.5,1,50.00%,0.3,0.5,50.00%,0,0,--,0.5,2.3,2.8,0.3,0.3,0,0.5,0.3
2023-24,Miya Crump,Jackson St.,1,1,22.4,6,3,10,30.00%,3,7,42.90%,0,3,0.00%,0,0,--,1,3,4,1,0,0,0,5
2023-24,Brinae Alexander,Maryland,1,1,33.3,6,2,6,33.30%,0,1,0.00%,2,5,40.00%,0,0,--,1,0,1,1,1,0,0,4
2023-24,Keshuna Luckett,Jackson St.,1,1,24.4,6,2,10,20.00%,2,6,33.30%,0,4,0.00%,2,3,66.70%,1,2,3,7,5,0,0,3
2023-24,Kiki Jefferson,Louisville,1,1,12.9,6,2,4,50.00%,1,3,33.30%,1,1,100.00%,1,2,50.00%,1,1,2,0,1,0,0,1
2023-24,Taiyier Parks,Ohio St.,2,0,7.5,3,1.5,2,75.00%,1.5,2,75.00%,0,0,--,0,0,--,0.5,0.5,1,0,0,0.5,0,2
2023-24,Aislynn Hayes,Marshall,1,1,28.2,6,3,19,15.80%,3,12,25.00%,0,7,0.00%,0,1,0.00%,1,2,3,1,1,0,0,3
2023-24,Jakia Brown-Turner,Maryland,1,1,34.1,6,2,9,22.20%,2,6,33.30%,0,3,0.00%,2,3,66.70%,2,2,4,1,0,0,1,5
2023-24,Ryan Cobbins,Kansas,2,0,14.7,3,1,2,50.00%,0,0.5,0.00%,1,1.5,66.70%,0,0,--,0,1,1,0,2.5,0,0,3
2023-24,Ajulu Thatha,FGCU,1,1,19.1,6,2,4,50.00%,0,1,0.00%,2,3,66.70%,0,0,--,1,4,5,1,1,0,1,4
2023-24,Brooke Mullin,Drexel,1,1,18.6,6,2,5,40.00%,0,0,--,2,5,40.00%,0,0,--,0,0,0,3,6,1,0,4
2023-24,Chloe Hodges,Drexel,1,1,28.3,6,3,7,42.90%,3,7,42.90%,0,0,--,0,1,0.00%,6,2,8,2,4,0,1,2
2023-24,Cassie Schiltz,Green Bay,1,1,20.1,6,3,7,42.90%,3,4,75.00%,0,3,0.00%,0,0,--,0,2,2,1,1,0,0,2
2023-24,Karsen Murphy,Chattanooga,1,1,22,6,2,6,33.30%,0,1,0.00%,2,5,40.00%,0,0,--,0,1,1,0,2,1,0,2
2023-24,Taylen Collins,Auburn,1,1,21.6,6,3,5,60.00%,3,5,60.00%,0,0,--,0,0,--,3,1,4,1,2,2,0,4
2023-24,Lexy Keys,Oklahoma,2,2,29.7,3,1.5,5,30.00%,1.5,3,50.00%,0,2,0.00%,0,0,--,1,0.5,1.5,1,1.5,1,0,2.5
2023-24,Sofia Persson,FGCU,1,1,35.7,6,2,5,40.00%,2,4,50.00%,0,1,0.00%,2,2,100.00%,1,1,2,4,4,1,0,3
2023-24,Mesa Byom,South Dakota St.,1,1,26.7,6,1,9,11.10%,1,8,12.50%,0,1,0.00%,4,6,66.70%,2,10,12,2,1,0,2,4
2023-24,Jaydia Martin,Eastern Wash.,1,0,26,6,2,9,22.20%,0,3,0.00%,2,6,33.30%,0,0,--,1,3,4,1,2,1,1,2
2023-24,AJ Ediger,Iowa,4,0,5.8,1.5,0.8,1.3,60.00%,0.8,1.3,60.00%,0,0,--,0,0,--,1,0,1,0,0.5,0.3,0,0.5
2023-24,Kylie Feuerbach,Iowa,6,0,10.8,1,0.3,1.8,18.20%,0.2,0.7,25.00%,0.2,1.2,14.30%,0.2,0.3,50.00%,0,1,1,0.3,0.3,0.8,0.2,0.7
2023-24,Taylor Bigby,Southern California,4,0,9.5,1.5,0.5,1.3,40.00%,0,0,--,0.5,1.3,40.00%,0,0,--,0,0.3,0.3,1,0.3,0.3,0,0.5
2023-24,Maya Bokunewicz,Rice,1,0,17.9,6,2,6,33.30%,0,1,0.00%,2,5,40.00%,0,0,--,0,2,2,1,0,0,0,1
2023-24,Ines Vieira,Utah,2,2,37.6,3,1,5,20.00%,0,0.5,0.00%,1,4.5,22.20%,0,0,--,0.5,2,2.5,6,2.5,1.5,0,3
2023-24,Bruna Anguera,A&M-Corpus Christi,1,0,9.1,6,3,4,75.00%,3,4,75.00%,0,0,--,0,0,--,0,0,0,1,0,0,0,0
2023-24,Perri Page,Columbia,1,0,19.5,6,1,3,33.30%,1,2,50.00%,0,1,0.00%,4,4,100.00%,1,2,3,0,0,1,0,4
2023-24,Kiani Lockett,Creighton,2,0,16.6,3,1.5,2,75.00%,1.5,2,75.00%,0,0,--,0,0,--,0.5,0.5,1,2,1.5,0.5,0,2.5
2023-24,Grace O'Neill,Drexel,1,1,29.8,6,2,9,22.20%,2,7,28.60%,0,2,0.00%,2,2,100.00%,1,4,5,2,4,0,0,1
2023-24,Natalie McNeal,Green Bay,1,1,25.3,6,3,11,27.30%,3,11,27.30%,0,0,--,0,0,--,2,5,7,2,1,2,0,3
2023-24,Eliza Maupin,Kansas St.,2,0,6.5,3,1.5,2,75.00%,1.5,2,75.00%,0,0,--,0,0,--,0,1,1,0,0,0,0,0.5
2023-24,Meredith Maier,Marshall,1,1,26,6,2,11,18.20%,0,0,--,2,11,18.20%,0,0,--,0,4,4,0,1,0,1,1
2023-24,Sydni Scott,Marshall,1,0,12,6,2,6,33.30%,0,1,0.00%,2,5,40.00%,0,0,--,2,1,3,1,2,1,0,4
2023-24,Talana Lepolo,Stanford,3,3,32.8,2,0.7,5.3,12.50%,0,1.3,0.00%,0.7,4,16.70%,0,0,--,0.3,1.3,1.7,5.7,1,0.3,0,3.3
2023-24,Hannah Kohn,Chattanooga,1,0,24.2,6,2,10,20.00%,1,3,33.30%,1,7,14.30%,1,2,50.00%,0,1,1,0,0,1,0,2
2023-24,Maren Westin,Green Bay,1,0,10.1,6,3,5,60.00%,3,4,75.00%,0,1,0.00%,0,0,--,0,2,2,0,1,0,0,0
2023-24,Maddie Cox,NC State,5,0,8.6,1.2,0.4,1,40.00%,0,0,--,0.4,1,40.00%,0,0,--,0.6,0,0.6,0.2,0.6,0,0,0.4
2023-24,Natalie Potts,Nebraska,2,2,22.6,3,1,7.5,13.30%,1,6,16.70%,0,1.5,0.00%,1,1,100.00%,2,1.5,3.5,1,0,1,0,3.5
2023-24,Qadence Samuels,UConn,2,0,10.3,3,1,2.5,40.00%,0,0,--,1,2.5,40.00%,0,0,--,0,1,1,0.5,0.5,0.5,0,1.5
2023-24,Amarachi Kimpson,UNLV,1,0,25.9,6,2,7,28.60%,1,5,20.00%,1,2,50.00%,1,2,50.00%,1,1,2,1,1,2,0,3
2023-24,Carys Baker,Virginia Tech,2,0,19.4,3,0.5,3.5,14.30%,0.5,0.5,100.00%,0,3,0.00%,2,2,100.00%,0,3.5,3.5,0.5,0.5,1.5,0.5,0.5
2023-24,Ashley Scoggin,UNLV,1,1,30.3,5,2,6,33.30%,1,1,100.00%,1,5,20.00%,0,0,--,0,0,0,1,0,3,0,3
2023-24,Kaety L'Amoreaux,Fairfield,1,1,30.9,5,2,12,16.70%,1,6,16.70%,1,6,16.70%,0,0,--,1,4,5,3,3,0,0,2
2023-24,Ashley Chea,Princeton,1,0,20.4,5,2,4,50.00%,1,2,50.00%,1,2,50.00%,0,0,--,1,2,3,1,1,0,0,4
2023-24,Malia Samuels,Southern California,1,0,8.5,5,2,2,100.00%,1,1,100.00%,1,1,100.00%,0,0,--,0,0,0,1,2,0,0,1
2023-24,Nunu Agara,Stanford,3,0,14.8,1.7,0.7,2.3,28.60%,0.7,1,66.70%,0,1.3,0.00%,0.3,0.3,100.00%,0,0.3,0.3,0,0,1,0.3,0.7
2023-24,Courtney Ogden,Stanford,3,0,8.4,1.7,0.7,1.7,40.00%,0.3,0.3,100.00%,0.3,1.3,25.00%,0,0.3,0.00%,1,0.7,1.7,1,1,0.7,0,0.3
2023-24,Khloe Lemon,California Baptist,1,0,20.8,5,0,5,0.00%,0,4,0.00%,0,1,0.00%,5,5,100.00%,1,3,4,1,0,0,0,2
2023-24,Kennedy Dickie,Portland,1,1,32,5,2,7,28.60%,1,4,25.00%,1,3,33.30%,0,0,--,0,2,2,0,1,0,0,3
2023-24,Diaba Konate,UC Irvine,1,1,27.6,5,2,9,22.20%,1,6,16.70%,1,3,33.30%,0,0,--,0,1,1,2,3,1,0,1
2023-24,Del'Janae Williams,Alabama,2,0,17.1,2.5,0.5,3,16.70%,0,2.5,0.00%,0.5,0.5,100.00%,1,1,100.00%,1,1,2,1,1.5,1,0,2
2023-24,Frannie Hottinger,Marquette,1,1,15.3,5,2,3,66.70%,2,3,66.70%,0,0,--,1,1,100.00%,1,1,2,0,1,0,0,4
2023-24,Lauren Fields,West Virginia,2,2,26.7,2.5,1,5.5,18.20%,1,1,100.00%,0,4.5,0.00%,0.5,1.5,33.30%,0,3.5,3.5,0,0,1.5,0.5,2
2023-24,India Otto,Southern California,2,0,1.4,2.5,1,1.5,66.70%,0.5,0.5,100.00%,0.5,1,50.00%,0,0,--,0,0,0,0,0,0.5,0,0
2023-24,Endyia Rogers,Texas A&M,1,1,23.6,5,1,8,12.50%,0,1,0.00%,1,7,14.30%,2,2,100.00%,0,2,2,2,2,0,0,3
2023-24,Alexis Tucker,Florida St.,1,0,21.9,5,2,5,40.00%,1,4,25.00%,1,1,100.00%,0,0,--,1,3,4,2,0,0,0,2
2023-24,Sharon Goodman,Iowa,3,0,2,1.7,0.7,1,66.70%,0.7,1,66.70%,0,0,--,0.3,0.3,100.00%,0.3,0,0.3,0,0,0.3,0,0
2023-24,Sara-Rose Smith,Colorado,3,0,11.2,1.7,0.7,2,33.30%,0.3,1.3,25.00%,0.3,0.7,50.00%,0,0,--,0.3,2,2.3,1,0.7,0,0,1.7
2023-24,Sakima Walker,South Carolina,3,0,7.4,1.7,0.3,0.7,50.00%,0.3,0.7,50.00%,0,0,--,1,1.3,75.00%,0,0.7,0.7,0,0,0.3,0,0.3
2023-24,Maliyah Johnson,Texas A&M,1,0,29.5,5,2,4,50.00%,2,4,50.00%,0,0,--,1,2,50.00%,0,2,2,0,2,0,0,4
2023-24,Nneka Obiazor,UNLV,1,0,14.2,5,1,5,20.00%,1,3,33.30%,0,2,0.00%,3,4,75.00%,0,0,0,0,1,0,0,0
2023-24,Anaiyah Tu'ua,California Baptist,1,1,31.4,5,1,7,14.30%,0,4,0.00%,1,3,33.30%,2,4,50.00%,1,7,8,1,2,1,0,4
2023-24,Bailey Butler,Green Bay,1,1,34.7,5,1,10,10.00%,0,6,0.00%,1,4,25.00%,2,2,100.00%,1,2,3,4,3,3,0,0
2023-24,Tymberlin Criswell,A&M-Corpus Christi,1,0,17.3,5,2,6,33.30%,2,4,50.00%,0,2,0.00%,1,3,33.30%,0,0,0,0,2,1,0,3
2023-24,Kyra Wood,Syracuse,2,2,29.3,2.5,1,3,33.30%,1,3,33.30%,0,0,--,0.5,1,50.00%,5,4,9,0.5,0.5,1.5,0,2
2023-24,Kaiya Wynn,Tennessee,2,0,11.6,2.5,1,3.5,28.60%,1,3,33.30%,0,0.5,0.00%,0.5,1,50.00%,1.5,4,5.5,0.5,0,0,0,0
2023-24,Nhug Bosch Duran,California Baptist,1,1,30.4,5,2,5,40.00%,1,2,50.00%,1,3,33.30%,0,0,--,0,1,1,0,1,0,0,3
2023-24,Shekinah Guthrie,FGCU,1,0,18.3,5,2,5,40.00%,2,5,40.00%,0,0,--,1,2,50.00%,5,1,6,0,1,4,1,4
2023-24,Lilly Meister,Indiana,3,0,8.1,1.7,0.7,1.3,50.00%,0.7,1.3,50.00%,0,0,--,0.3,0.7,50.00%,1.7,1,2.7,0,1,0.3,1.3,1
2023-24,Teonni Key,North Carolina,2,0,21.7,2.5,1,3.5,28.60%,1,3,33.30%,0,0.5,0.00%,0.5,0.5,100.00%,3,2.5,5.5,1.5,0.5,0,1.5,1
2023-24,Emma Shumate,Ohio St.,1,0,12.3,5,2,6,33.30%,1,1,100.00%,1,5,20.00%,0,0,--,0,0,0,0,3,0,0,2
2023-24,Madison Mathiowetz,South Dakota St.,1,1,31.3,5,1,5,20.00%,0,1,0.00%,1,4,25.00%,2,2,100.00%,0,1,1,1,2,2,0,2
2023-24,Jzaniya Harriel,Stanford,3,0,8.7,1.7,0.7,2.7,25.00%,0.3,0.3,100.00%,0.3,2.3,14.30%,0,0,--,0,1.3,1.3,1.7,0.7,0.7,0,1.3
2023-24,Annukka Willstedt,A&M-Corpus Christi,1,1,24.6,4,2,9,22.20%,2,6,33.30%,0,3,0.00%,0,0,--,2,2,4,2,1,1,0,2
2023-24,Callie Genke,Green Bay,1,0,20.2,4,1,4,25.00%,0,2,0.00%,1,2,50.00%,1,2,50.00%,0,3,3,2,0,0,0,0
2023-24,Courtney Blakely,Arizona,2,0,13.9,2,0.5,3.5,14.30%,0.5,3,16.70%,0,0.5,0.00%,1,2,50.00%,0.5,1.5,2,2,0.5,1.5,0,3
2023-24,AJ Marotte,Oregon St.,4,4,18.6,1,0.5,3,16.70%,0.5,1.5,33.30%,0,1.5,0.00%,0,0,--,0,0.5,0.5,1.3,1,0,0,0.8
2023-24,Lucy Cochrane,Portland,1,1,30.2,4,2,9,22.20%,2,8,25.00%,0,1,0.00%,0,0,--,0,4,4,5,2,0,2,3
2023-24,Emily Sewell,California Baptist,1,0,11.3,4,1,3,33.30%,1,3,33.30%,0,0,--,2,2,100.00%,0,0,0,0,1,0,0,1
2023-24,Karoline Striplin,Tennessee,2,0,7.6,2,1,2.5,40.00%,1,1.5,66.70%,0,1,0.00%,0,0,--,0,1.5,1.5,1,0.5,0,0,2.5
2023-24,Alyssa Durazo-Frescas,UNLV,1,1,16.3,4,2,3,66.70%,2,2,100.00%,0,1,0.00%,0,0,--,0,1,1,1,0,1,0,0
2023-24,Brianna McLeod,Colorado,3,0,5.3,1.3,0.3,0.7,50.00%,0.3,0.7,50.00%,0,0,--,0.7,0.7,100.00%,1,0,1,0.3,0.3,0.3,0.3,1
2023-24,Mary-Elizabeth Donnelly,Holy Cross,2,0,8.1,2,1,3,33.30%,1,1.5,66.70%,0,1.5,0.00%,0,0,--,0,0.5,0.5,0.5,1.5,0.5,0.5,0.5
2023-24,Nyla Harris,Louisville,1,1,25.2,4,2,6,33.30%,2,6,33.30%,0,0,--,0,0,--,1,5,6,1,3,3,0,3
2023-24,Beatrice Culliton,Oklahoma,2,0,8.6,2,1,3,33.30%,1,3,33.30%,0,0,--,0,0,--,2.5,3.5,6,1,1.5,0,1,2.5
2023-24,Kiersten Johnson,Oklahoma,2,0,8.7,2,1,3,33.30%,1,2.5,40.00%,0,0.5,0.00%,0,0,--,0.5,2,2.5,0.5,0.5,0,0.5,1.5
2023-24,Adlee Blacklock,Oregon St.,3,0,3.2,1.3,0.7,1.3,50.00%,0.7,0.7,100.00%,0,0.7,0.00%,0,0,--,0,0.3,0.3,0,0,0,0,0.7
2023-24,Laine McGurk,Drexel,1,0,11,4,2,4,50.00%,2,3,66.70%,0,1,0.00%,0,0,--,0,1,1,0,1,0,0,1
2023-24,Julianna LaMendola,Indiana,3,0,7.2,1.3,0.7,2,33.30%,0.7,1,66.70%,0,1,0.00%,0,0,--,0,1.3,1.3,0.3,0.7,0.3,0,1.3
2023-24,Hailey Adams,Rice,1,0,15.8,4,0,0,--,0,0,--,0,0,--,4,4,100.00%,1,2,3,0,1,0,0,3
2023-24,Jenna Hopp,South Dakota St.,1,0,21.6,4,2,3,66.70%,2,3,66.70%,0,0,--,0,1,0.00%,0,0,0,1,2,2,1,2
2023-24,Tory Ozment,Michigan St.,1,0,25.7,4,2,9,22.20%,2,8,25.00%,0,1,0.00%,0,0,--,0,4,4,1,4,0,0,4
2023-24,Uju Ezeudu,FGCU,1,1,22.4,4,1,7,14.30%,0,2,0.00%,1,5,20.00%,1,2,50.00%,2,2,4,1,3,0,0,2
2023-24,Christina Kline,Presbyterian,2,2,32.8,2,1,3,33.30%,1,1.5,66.70%,0,1.5,0.00%,0,0,--,1,3.5,4.5,2.5,2,0,0.5,1
2023-24,Alaina Rice,Syracuse,1,1,23.9,4,0,5,0.00%,0,4,0.00%,0,1,0.00%,4,8,50.00%,0,4,4,2,2,0,0,1
2023-24,Erin Sweeney,Drexel,1,0,28.4,4,2,6,33.30%,2,5,40.00%,0,1,0.00%,0,1,0.00%,0,1,1,1,0,0,0,2
2023-24,Niya Fields,Norfolk St.,1,1,34.1,4,2,5,40.00%,2,5,40.00%,0,0,--,0,0,--,1,2,3,2,4,3,0,2
2023-24,Nevaeh Tot,Oklahoma,2,2,31.2,2,0.5,6.5,7.70%,0.5,2.5,20.00%,0,4,0.00%,1,1,100.00%,0.5,4,4.5,6,1.5,0,0.5,3
2023-24,Nicole Gallagher,Fairfield,1,1,23.2,3,1,4,25.00%,0,1,0.00%,1,3,33.30%,0,0,--,0,2,2,0,0,0,0,4
2023-24,Hetta Saatman,Drexel,1,1,27.8,3,1,4,25.00%,0,1,0.00%,1,3,33.30%,0,0,--,0,2,2,2,0,1,2,3
2023-24,Tamia Lawhorne,Marshall,1,0,5.3,3,1,4,25.00%,0,0,--,1,4,25.00%,0,0,--,0,2,2,0,1,0,0,0
2023-24,Megan Meyer,Drake,1,0,11.2,3,1,2,50.00%,0,0,--,1,2,50.00%,0,0,--,0,1,1,0,1,0,0,1
2023-24,Kennady Tucker,Oklahoma,2,0,8.6,1.5,0.5,0.5,100.00%,0.5,0.5,100.00%,0,0,--,0.5,1,50.00%,1,0.5,1.5,2,2,0,0,0.5
2023-24,Madison Greene,Ohio St.,2,0,9.3,1.5,0.5,1,50.00%,0,0,--,0.5,1,50.00%,0,0,--,0,0.5,0.5,1.5,0.5,0,0,0.5
2023-24,Ellie Mitchell,Princeton,1,1,37.1,3,1,2,50.00%,1,2,50.00%,0,0,--,1,2,50.00%,8,7,15,5,3,0,0,5
2023-24,Sajada Bonner,Sacred Heart,1,1,22.7,3,1,6,16.70%,0,0,--,1,6,16.70%,0,0,--,1,0,1,0,0,0,0,2
2023-24,Elauna Eaton,Ole Miss,1,0,6.9,3,1,2,50.00%,0,0,--,1,2,50.00%,0,0,--,1,0,1,0,0,0,0,0
2023-24,Kierra Adams,FGCU,1,0,12.5,3,1,6,16.70%,1,5,20.00%,0,1,0.00%,1,2,50.00%,0,1,1,1,0,0,0,2
2023-24,Ashley IIams,Drake,1,0,3.2,3,1,1,100.00%,0,0,--,1,1,100.00%,0,0,--,0,0,0,0,0,0,0,0
2023-24,Anna Miller,Drake,1,1,27.1,3,1,7,14.30%,1,4,25.00%,0,3,0.00%,1,4,25.00%,0,3,3,1,1,2,2,1
2023-24,Kendall Moriarty,Nebraska,2,2,11.6,1.5,0.5,1,50.00%,0,0.5,0.00%,0.5,0.5,100.00%,0,0,--,0,2.5,2.5,0,0.5,0.5,0,0.5
2023-24,Kendall McGruder,Fairfield,1,0,20.4,3,1,6,16.70%,0,1,0.00%,1,5,20.00%,0,0,--,0,1,1,4,2,0,0,1
2023-24,Nikki Tom,UC Irvine,1,1,35.9,3,1,5,20.00%,0,1,0.00%,1,4,25.00%,0,0,--,1,2,3,1,1,1,0,3
2023-24,Takia Davis,Chattanooga,1,0,8.6,3,1,1,100.00%,1,1,100.00%,0,0,--,1,2,50.00%,1,0,1,1,0,0,0,3
2023-24,Jaeda Whitner,A&M-Corpus Christi,1,0,15.1,3,1,3,33.30%,0,0,--,1,3,33.30%,0,0,--,0,0,0,0,1,0,0,1
2023-24,Kaitlyn Duhon,Auburn,1,0,13.3,3,0,0,--,0,0,--,0,0,--,3,4,75.00%,2,2,4,0,1,1,0,1
2023-24,Ava Hawthorne,Drake,1,0,14.8,3,1,3,33.30%,0,1,0.00%,1,2,50.00%,0,0,--,0,0,0,2,0,1,1,0
2023-24,Emma Koabel,Duke,3,0,10.2,1,0.3,2.3,14.30%,0,0.3,0.00%,0.3,2,16.70%,0,0,--,0,0.3,0.3,1,0.3,0.3,0,0.7
2023-24,Taylor McCabe,Iowa,6,0,4.8,0.5,0.2,1,16.70%,0,0,--,0.2,1,16.70%,0,0,--,0.2,0.3,0.5,0.5,0,0.2,0,0.3
2023-24,Ndjakalenga Mwenentanda,Texas,3,0,13.1,1,0.3,1.7,20.00%,0.3,1,33.30%,0,0.7,0.00%,0.3,1,33.30%,0.7,2,2.7,0.7,2,0.7,0.3,2
2023-24,Lexi Rubel,UT Martin,1,1,33,3,1,7,14.30%,1,4,25.00%,0,3,0.00%,1,2,50.00%,4,2,6,2,2,0,0,3
2023-24,Claire O'Connor,Gonzaga,3,0,4.6,1,0.3,0.3,100.00%,0.3,0.3,100.00%,0,0,--,0.3,0.7,50.00%,0.7,0.3,1,0,0.3,0,0,0
2023-24,LenÃ©e Beaumont,Indiana,1,0,5.2,3,1,2,50.00%,1,2,50.00%,0,0,--,1,1,100.00%,0,1,1,0,0,1,0,0
2023-24,Arianna Jackson,Iowa St.,2,2,13.3,1.5,0.5,0.5,100.00%,0,0,--,0.5,0.5,100.00%,0,0,--,0,1.5,1.5,0,0.5,0,0,0.5
2023-24,Taryn Sides,Kansas St.,2,0,3.6,1.5,0.5,1,50.00%,0,0,--,0.5,1,50.00%,0,0,--,0,0,0,1,0,0,0,0.5
2023-24,Emily Fisher,Maryland,1,0,6.5,3,1,2,50.00%,1,1,100.00%,0,1,0.00%,1,2,50.00%,1,1,2,0,0,0,0,1
2023-24,Sifa Ineza,Middle Tenn.,1,0,10.6,3,1,2,50.00%,0,1,0.00%,1,1,100.00%,0,0,--,0,0,0,0,0,0,0,0
2023-24,Chloe Clardy,Stanford,3,0,2.9,1,0.3,0.7,50.00%,0.3,0.3,100.00%,0,0.3,0.00%,0.3,0.7,50.00%,0,0.3,0.3,0.3,0.7,0,0,1
2023-24,Avery Strickland,Tennessee,1,0,8.3,3,1,3,33.30%,1,2,50.00%,0,1,0.00%,1,2,50.00%,1,0,1,1,0,1,0,1
2023-24,Gisella Maul,Texas,3,0,7.6,1,0.3,2.3,14.30%,0,1.3,0.00%,0.3,1,33.30%,0,0,--,0.3,0.3,0.7,0,0.3,0,0,0.3
2023-24,SolÃ¨ Williams,Texas A&M,1,0,16.1,3,1,5,20.00%,0,0,--,1,5,20.00%,0,0,--,0,1,1,0,0,0,0,1
2023-24,Ryanne Allen,Vanderbilt,2,0,4.2,1,0,0,--,0,0,--,0,0,--,1,1,100.00%,0,0,0,0,0.5,0,0,0
2023-24,Caia Elisaldez,Chattanooga,1,0,22.1,2,1,3,33.30%,1,3,33.30%,0,0,--,0,0,--,0,1,1,1,0,0,0,2
2023-24,Shannon Fornshell,Drake,1,0,12.9,2,1,3,33.30%,1,1,100.00%,0,2,0.00%,0,0,--,1,1,2,2,1,0,0,1
2023-24,Simone Lewis,Holy Cross,2,0,2.9,1,0.5,1.5,33.30%,0.5,1.5,33.30%,0,0,--,0,0,--,0,0.5,0.5,0,0.5,0,0.5,0
2023-24,Aalyah Del Rosario,LSU,4,0,7.6,0.5,0,0,--,0,0,--,0,0,--,0.5,0.5,100.00%,0.3,1,1.3,0.5,1,0.5,0.3,2.8
2023-24,Milana Nenadic,Maine,1,0,0.9,2,0,1,0.00%,0,1,0.00%,0,0,--,2,2,100.00%,0,0,0,0,0,0,0,0
2023-24,Kennedie Shuler,Oregon St.,3,0,6.4,0.7,0.3,1,33.30%,0.3,1,33.30%,0,0,--,0,0,--,0.7,0,0.7,1.3,0.3,0,0,0.3
2023-24,Tabitha Amanze,Princeton,1,0,7.3,2,0,0,--,0,0,--,0,0,--,2,2,100.00%,0,0,0,0,0,1,0,2
2023-24,Skye Belker,Princeton,1,1,23.4,2,1,6,16.70%,1,3,33.30%,0,3,0.00%,0,0,--,1,1,2,2,2,0,0,1
2023-24,Mah Minthe,UT Martin,1,0,1.9,2,1,1,100.00%,1,1,100.00%,0,0,--,0,0,--,0,0,0,0,0,0,0,0
2023-24,Sophie Singleton,UT Martin,1,0,2.2,2,0,0,--,0,0,--,0,0,--,2,2,100.00%,0,1,1,0,0,0,0,0
2023-24,Milly Knowles,Eastern Wash.,1,1,19.8,2,1,3,33.30%,1,3,33.30%,0,0,--,0,0,--,0,1,1,1,0,3,1,4
2023-24,Charlotte Whittaker,Colorado,3,0,5.5,0.7,0.3,2,16.70%,0.3,2,16.70%,0,0,--,0,0,--,0.7,1,1.7,0,1.3,0,0.3,0.7
2023-24,Jordan King,Marquette,1,1,23.2,2,1,7,14.30%,1,5,20.00%,0,2,0.00%,0,0,--,0,2,2,3,5,2,0,4
2023-24,Izabel VarejÃ£o,Syracuse,2,0,12.2,1,0.5,3,16.70%,0.5,2,25.00%,0,1,0.00%,0,1,0.00%,0.5,0.5,1,0.5,0.5,0.5,0,1
2023-24,Mikala Morris,Kent St.,1,1,12.6,2,1,3,33.30%,1,3,33.30%,0,0,--,0,0,--,0,1,1,3,1,1,0,1
2023-24,Isis Beh,Arizona,2,0,25.5,1,0.5,2,25.00%,0.5,2,25.00%,0,0,--,0,0,--,0.5,0.5,1,1,2.5,0.5,0,2.5
2023-24,Nabaweeyah McGill,A&M-Corpus Christi,1,0,9.6,2,1,6,16.70%,1,5,20.00%,0,1,0.00%,0,0,--,2,1,3,1,1,0,0,0
2023-24,Fatou Samb,Rice,1,0,7.8,2,1,1,100.00%,1,1,100.00%,0,0,--,0,0,--,1,1,2,0,2,1,0,2
2023-24,Sigrun Olafsdottir,Chattanooga,1,1,30.9,2,1,5,20.00%,1,2,50.00%,0,3,0.00%,0,0,--,1,1,2,1,3,1,0,1
2023-24,Jasmine Valentine,Drexel,1,0,13.2,2,1,3,33.30%,1,3,33.30%,0,0,--,0,0,--,0,1,1,0,2,0,0,2
2023-24,Caroline Bornemann,Maine,1,1,31.2,2,1,1,100.00%,1,1,100.00%,0,0,--,0,0,--,0,4,4,0,1,0,0,4
2023-24,Zakiya Mahoney,Jackson St.,1,1,15.1,2,1,4,25.00%,1,4,25.00%,0,0,--,0,0,--,2,4,6,0,2,0,0,3
2023-24,Lizzy Williamson,NC State,2,0,3.3,1,0.5,1.5,33.30%,0.5,1.5,33.30%,0,0,--,0,0,--,0,0.5,0.5,0,0,0,0,1
2023-24,Kayla Williams,Southern California,4,0,11.1,0.5,0.3,1.3,20.00%,0.3,0.8,33.30%,0,0.5,0.00%,0,0.5,0.00%,0.3,1.5,1.8,0.8,0.3,1,0,1.3
2023-24,Nevaeh Dean,UC Irvine,1,1,19.8,2,0,3,0.00%,0,1,0.00%,0,2,0.00%,2,2,100.00%,1,2,3,1,2,0,0,3
2023-24,JeAnna Cunningham,Alabama,2,0,7.2,1,0.5,1.5,33.30%,0.5,1.5,33.30%,0,0,--,0,0,--,0,0.5,0.5,0,1,0,0.5,1.5
2023-24,Abby Ogle,Kent St.,1,0,7.9,2,1,3,33.30%,1,2,50.00%,0,1,0.00%,0,0,--,1,2,3,0,0,0,0,1
2023-24,Dominique Onu,Southern California,1,0,9.5,2,1,3,33.30%,1,2,50.00%,0,1,0.00%,0,0,--,0,1,1,0,0,0,0,1
2023-24,Gisela Sanchez,Kansas St.,2,0,10.2,1,0.5,2.5,20.00%,0.5,2,25.00%,0,0.5,0.00%,0,0,--,0,2,2,1,2,0,0.5,2.5
2023-24,Jocelyn Tate,Michigan St.,1,1,24.4,2,1,5,20.00%,1,5,20.00%,0,0,--,0,1,0.00%,1,3,4,1,3,2,0,4
2023-24,Addie Porter,Chattanooga,1,1,29.4,2,1,1,100.00%,1,1,100.00%,0,0,--,0,0,--,0,9,9,0,1,1,0,3
2023-24,Alexis Pettis,Eastern Wash.,1,0,9.7,2,1,2,50.00%,1,1,100.00%,0,1,0.00%,0,0,--,1,0,1,0,1,0,0,0
2023-24,Lauren Huber,Holy Cross,2,0,4.8,1,0.5,1,50.00%,0.5,1,50.00%,0,0,--,0,0,--,0.5,0,0.5,0,0,0,0,0.5
2023-24,Becky Obinma,Notre Dame,2,0,2.7,1,0.5,0.5,100.00%,0.5,0.5,100.00%,0,0,--,0,0,--,0,0.5,0.5,0,0,0,0,0.5
2023-24,Chet Nweke,Princeton,1,1,28.5,2,1,1,100.00%,1,1,100.00%,0,0,--,0,2,0.00%,2,3,5,0,1,0,0,3
2023-24,Katie Hill,Richmond,1,1,30,2,1,3,33.30%,1,3,33.30%,0,0,--,0,0,--,2,1,3,1,1,0,1,0
2023-24,Amaya Bonner,Florida St.,1,0,22.6,2,1,3,33.30%,1,2,50.00%,0,1,0.00%,0,0,--,0,4,4,1,1,0,0,4
2023-24,Kennedy Townsend,Creighton,2,0,8.1,1,0,2,0.00%,0,1,0.00%,0,1,0.00%,1,1,100.00%,1,0.5,1.5,0,0.5,0,0.5,0.5
2023-24,Jada Gyamfi,Iowa,2,0,2.9,1,0.5,0.5,100.00%,0.5,0.5,100.00%,0,0,--,0,0,--,0,0,0,0,1,0,0,0.5
2023-24,Laila Walker,Jackson St.,1,0,10.1,2,1,1,100.00%,1,1,100.00%,0,0,--,0,0,--,1,0,1,0,0,0,0,0
2023-24,Sarah Talon,Maine,1,1,11,2,1,2,50.00%,1,1,100.00%,0,1,0.00%,0,2,0.00%,1,2,3,2,1,0,0,1
2023-24,Skye Robinson,Norfolk St.,1,0,16.4,2,1,2,50.00%,1,2,50.00%,0,0,--,0,0,--,0,1,1,0,0,2,0,2
2023-24,Dennaye Hinds,Presbyterian,2,0,6.7,1,0.5,1,50.00%,0.5,0.5,100.00%,0,0.5,0.00%,0,0,--,0,1,1,0,0.5,0,0,2
2023-24,Sonia Sato,Presbyterian,2,0,13.7,1,0.5,2,25.00%,0.5,2,25.00%,0,0,--,0,0,--,0,1,1,0,1,0,0,0.5
2023-24,Saniaa Wilson,Syracuse,2,0,4.6,1,0.5,1.5,33.30%,0.5,1.5,33.30%,0,0,--,0,0,--,1,0.5,1.5,0,0.5,0,0,1
2023-24,Oyindamola Akinbolawa,Auburn,1,0,1.7,1,0,0,--,0,0,--,0,0,--,1,2,50.00%,1,0,1,0,0,0,0,1
2023-24,Ella Gallatin,Eastern Wash.,1,0,4.8,1,0,0,--,0,0,--,0,0,--,1,2,50.00%,0,0,0,0,0,2,0,0
2023-24,Hayleigh Breland,Jackson St.,1,0,13,1,0,4,0.00%,0,3,0.00%,0,1,0.00%,1,2,50.00%,1,2,3,2,3,2,0,0
2023-24,Josie Storey,UT Martin,1,1,33.6,1,0,7,0.00%,0,1,0.00%,0,6,0.00%,1,2,50.00%,0,2,2,1,1,0,0,2
2023-24,Janae Kent,LSU,2,0,1,0.5,0,0,--,0,0,--,0,0,--,0.5,1,50.00%,0,0,0,0,0,0,0,0
2023-24,Skylar Forbes,Marquette,1,0,24.7,1,0,2,0.00%,0,2,0.00%,0,0,--,1,2,50.00%,4,2,6,0,4,0,0,1
2023-24,Rhyan Mogel,Portland,1,0,6.6,1,0,1,0.00%,0,1,0.00%,0,0,--,1,2,50.00%,0,1,1,0,0,0,0,1
2023-24,Danelle Arigbabu,West Virginia,1,0,13.5,1,0,0,--,0,0,--,0,0,--,1,2,50.00%,0,3,3,0,1,0,0,2
2023-24,Danaijah Williams,Norfolk St.,1,1,24.4,1,0,4,0.00%,0,4,0.00%,0,0,--,1,2,50.00%,3,2,5,0,1,1,0,2
2023-24,Sakyia White,Florida St.,1,0,3.8,1,0,0,--,0,0,--,0,0,--,1,2,50.00%,1,0,1,0,0,0,0,0
2023-24,Erin Doherty,Drexel,1,0,1.5,1,0,0,--,0,0,--,0,0,--,1,2,50.00%,0,0,0,0,0,0,0,0
2023-24,Laren VanArsdale,Richmond,1,0,5.8,0,0,1,0.00%,0,1,0.00%,0,0,--,0,0,--,0,1,1,2,0,0,0,0
2023-24,Eboni Walker,Ohio St.,1,0,1.8,0,0,0,--,0,0,--,0,0,--,0,0,--,0,0,0,0,1,0,0,1
2023-24,Molly Davis,Iowa,1,0,0.3,0,0,0,--,0,0,--,0,0,--,0,0,--,0,0,0,0,0,0,0,0
2023-24,Arielle Wisne,Indiana,2,0,1.4,0,0,0,--,0,0,--,0,0,--,0,0,--,0,0,0,0,0,0,0,0
2023-24,Anna Brown,Drake,1,0,1.2,0,0,0,--,0,0,--,0,0,--,0,0,--,0,0,0,0,0,0,0,0
2023-24,Anna Kahelin,Maine,1,0,14.3,0,0,0,--,0,0,--,0,0,--,0,0,--,0,0,0,0,1,0,0,0
2023-24,Claire Kaifes,Marquette,1,0,15,0,0,1,0.00%,0,0,--,0,1,0.00%,0,0,--,0,1,1,1,1,0,0,0
2023-24,JaMya Mingo-Young,Auburn,1,1,16.7,0,0,4,0.00%,0,4,0.00%,0,0,--,0,0,--,1,3,4,0,4,0,1,2
2023-24,Roxane Makolo,Southern California,1,0,3.6,0,0,0,--,0,0,--,0,0,--,0,0,--,0,3,3,1,0,0,0,0
2023-24,Madison Bartley,Baylor,1,0,2.2,0,0,0,--,0,0,--,0,0,--,0,0,--,0,0,0,0,0,0,0,0
2023-24,Sela Heide,Oregon St.,1,0,3.1,0,0,0,--,0,0,--,0,0,--,0,0,--,0,1,1,0,1,0,1,1
2023-24,Gabrielle Jung,Eastern Wash.,1,0,1.3,0,0,0,--,0,0,--,0,0,--,0,0,--,0,0,0,0,0,0,0,0
2023-24,Izabela Nicoletti-Leite,Fairfield,1,0,15.7,0,0,1,0.00%,0,1,0.00%,0,0,--,0,0,--,0,2,2,0,2,1,0,4
2023-24,CC Mays,Marshall,1,0,13.7,0,0,4,0.00%,0,2,0.00%,0,2,0.00%,0,0,--,4,1,5,0,1,0,0,4
2023-24,Elise Stuck,Michigan,1,0,0.4,0,0,0,--,0,0,--,0,0,--,0,0,--,0,0,0,0,0,0,0,1
2023-24,Jada Grannum,Middle Tenn.,1,0,17.6,0,0,0,--,0,0,--,0,0,--,0,0,--,2,8,10,0,0,0,0,4
2023-24,Crystal White,Norfolk St.,1,1,7.9,0,0,0,--,0,0,--,0,0,--,0,0,--,0,0,0,0,0,0,0,0
2023-24,Anya Poole,North Carolina,2,0,7.5,0,0,0.5,0.00%,0,0.5,0.00%,0,0,--,0,0,--,0,1,1,0.5,0,0,0.5,0.5
2023-24,Alexandra Zelaya,North Carolina,1,0,4.4,0,0,1,0.00%,0,1,0.00%,0,0,--,0,0,--,0,0,0,0,1,0,1,1
2023-24,Alasia Hayes,Marshall,1,0,11,0,0,0,--,0,0,--,0,0,--,0,0,--,0,2,2,1,0,0,0,1
2023-24,Ashley Tudor,Marshall,1,0,4.4,0,0,1,0.00%,0,1,0.00%,0,0,--,0,0,--,0,0,0,0,0,0,0,5
2023-24,Kelsey Wood,Sacred Heart,1,0,6.7,0,0,1,0.00%,0,1,0.00%,0,0,--,0,0,--,0,0,0,0,0,0,0,1
2023-24,Maddie Krull,Nebraska,2,0,7.1,0,0,0.5,0.00%,0,0.5,0.00%,0,0,--,0,0,--,0,0,0,0,0.5,0,0,0
2023-24,Sahara Jones,Texas A&M,1,1,20.7,0,0,4,0.00%,0,2,0.00%,0,2,0.00%,0,0,--,3,6,9,1,3,0,0,3
2023-24,Dagne Apsite,Presbyterian,1,0,1.7,0,0,0,--,0,0,--,0,0,--,0,0,--,0,0,0,0,0,0,0,0
2023-24,Bella LaChance,Vanderbilt,1,0,3.5,0,0,0,--,0,0,--,0,0,--,0,0,--,0,0,0,0,0,0,0,0
2023-24,Lina Sontag,UCLA,3,0,8.1,0,0,0.7,0.00%,0,0.3,0.00%,0,0.3,0.00%,0,0,--,0.7,0,0.7,0.3,1,0.3,0.3,2.3
2023-24,Ines Bettencourt,UConn,1,0,2.7,0,0,1,0.00%,0,0,--,0,1,0.00%,0,0,--,0,0,0,0,0,0,0,0
2023-24,Erica Collins,UNLV,1,0,1.4,0,0,0,--,0,0,--,0,0,--,0,0,--,0,2,2,0,0,0,0,0
2023-24,Lani White,Utah,2,0,11.8,0,0,2.5,0.00%,0,0.5,0.00%,0,2,0.00%,0,0,--,0,0.5,0.5,0.5,0.5,0,0.5,1
2023-24,Jada Brown,Vanderbilt,1,0,4.9,0,0,1,0.00%,0,0,--,0,1,0.00%,0,0,--,0,0,0,0,0,0,0,0
2023-24,Messiah Hunter,West Virginia,1,0,0.1,0,0,0,--,0,0,--,0,0,--,0,0,--,0,0,0,0,0,0,0,0
2023-24,Sarah Graves,Texas,1,0,3.5,0,0,1,0.00%,0,0,--,0,1,0.00%,0,0,--,1,0,1,0,0,0,0,1
2023-24,Meg Newman,Alabama,2,0,5.8,0,0,1,0.00%,0,1,0.00%,0,0,--,0,0,--,0.5,1,1.5,0,0.5,0,0,0
2023-24,Savannah Scott,Auburn,1,1,8,0,0,0,--,0,0,--,0,0,--,0,0,--,0,0,0,0,0,0,0,0
2023-24,Kailyn Farrell,Chattanooga,1,0,4.6,0,0,1,0.00%,0,1,0.00%,0,0,--,0,0,--,0,0,0,0,0,0,0,0
2023-24,Frode Flos van der Schans,Chattanooga,1,0,1.5,0,0,0,--,0,0,--,0,0,--,0,0,--,0,0,0,0,0,0,0,0
2023-24,Mikayla Johnson,Colorado,1,0,1.2,0,0,1,0.00%,0,1,0.00%,0,0,--,0,0,--,0,0,0,0,0,0,0,0
2023-24,Riley Weiss,Columbia,1,0,12.4,0,0,1,0.00%,0,0,--,0,1,0.00%,0,0,--,1,2,3,1,0,0,0,1
2023-24,McKayla Miller,Creighton,1,0,1.7,0,0,1,0.00%,0,0,--,0,1,0.00%,0,0,--,0,0,0,0,0,0,0,0
2023-24,Brooklin Dailey,Drake,1,0,6.9,0,0,1,0.00%,0,0,--,0,1,0.00%,0,0,--,1,0,1,0,0,0,0,0
2023-24,Ellie Boni,Eastern Wash.,1,0,6.1,0,0,0,--,0,0,--,0,0,--,0,0,--,0,0,0,0,0,0,0,0
2023-24,Bella Hays,Eastern Wash.,1,0,10.5,0,0,0,--,0,0,--,0,0,--,0,0,--,2,1,3,0,0,0,0,2
2023-24,Cori Wilcox,Eastern Wash.,1,0,1.3,0,0,0,--,0,0,--,0,0,--,0,0,--,0,0,0,0,0,0,0,0
2023-24,Cerina Rolle,FGCU,1,0,1.6,0,0,0,--,0,0,--,0,0,--,0,0,--,0,0,0,1,0,0,0,0
2023-24,Karly Fischer,Fairfield,1,0,2.4,0,0,0,--,0,0,--,0,0,--,0,0,--,0,0,0,0,0,1,0,1
2023-24,Casey Prior,Fairfield,1,0,1.4,0,0,0,--,0,0,--,0,0,--,0,0,--,0,0,0,0,0,0,0,0
2023-24,Carla Viegas,Florida St.,1,0,2.5,0,0,0,--,0,0,--,0,0,--,0,0,--,0,0,0,0,0,0,0,1
2023-24,Janie Bachmann,Holy Cross,2,0,2.9,0,0,0,--,0,0,--,0,0,--,0,0,--,0.5,1,1.5,0,0.5,0,0,0
2023-24,Hannah Griffin,Holy Cross,2,0,5.7,0,0,1,0.00%,0,0,--,0,1,0.00%,0,0,--,0,0,0,1,1,0.5,0,0.5
2023-24,Angelica Velez,LSU,1,0,1.2,0,0,0,--,0,0,--,0,0,--,0,2,0.00%,0,0,0,0,1,0,0,0
2023-24,Caroline Dotsey,Maine,1,0,0.9,0,0,0,--,0,0,--,0,0,--,0,0,--,0,0,0,0,0,0,0,0
2023-24,Aislinn Gibson,Maine,1,0,0.9,0,0,0,--,0,0,--,0,0,--,0,0,--,0,0,0,0,0,0,0,0
2023-24,Emmie Streams,Maine,1,0,0.9,0,0,0,--,0,0,--,0,0,--,0,0,--,0,0,0,0,0,0,0,0
2023-24,Taylor Woodson,Michigan,1,0,5.7,0,0,1,0.00%,0,1,0.00%,0,0,--,0,0,--,0,3,3,0,1,0,0,0
2023-24,Iullia Grabovskaia,Middle Tenn.,2,0,10,0,0,0.5,0.00%,0,0.5,0.00%,0,0,--,0,1,0.00%,0.5,1.5,2,0.5,1.5,0.5,0,3
2023-24,Mallory Collier,NC State,2,0,2.6,0,0,0,--,0,0,--,0,0,--,0,0,--,0,0.5,0.5,0,0,0,0,0
2023-24,Jannah Eissa,NC State,1,0,1.5,0,0,0,--,0,0,--,0,0,--,0,0,--,0,0,0,0,0,0,0,0
2023-24,Laci Steele,NC State,2,0,7.3,0,0,2,0.00%,0,0.5,0.00%,0,1.5,0.00%,0,0,--,0.5,0,0.5,0,0.5,0.5,0.5,1.5
2023-24,Jessica Petrie,Nebraska,2,0,6.3,0,0,1,0.00%,0,0.5,0.00%,0,0.5,0.00%,0,0,--,0,0,0,0,0.5,0,0,1.5
2023-24,Da'Brya Clark,Norfolk St.,1,0,13.3,0,0,2,0.00%,0,1,0.00%,0,1,0.00%,0,0,--,0,2,2,0,0,0,0,4
2023-24,Sydney Barker,North Carolina,1,0,4.8,0,0,0,--,0,0,--,0,0,--,0,0,--,0,0,0,0,0,1,0,1
2023-24,Faith Carson,Ohio St.,1,0,1.8,0,0,0,--,0,0,--,0,0,--,0,0,--,0,3,3,0,0,0,0,0
2023-24,Diana Collins,Ohio St.,1,0,3,0,0,0,--,0,0,--,0,0,--,0,0,--,0,0,0,0,0,1,0,0
2023-24,Landry Allen,Oklahoma,1,0,4.2,0,0,2,0.00%,0,2,0.00%,0,0,--,0,0,--,0,0,0,0,0,1,0,0
2023-24,Zakiya Stephenson,Ole Miss,2,0,5.4,0,0,1,0.00%,0,1,0.00%,0,0,--,0,0,--,0.5,1,1.5,1,0.5,0,0,1
2023-24,Natalie Fraley,Portland,1,0,8.5,0,0,4,0.00%,0,1,0.00%,0,3,0.00%,0,0,--,0,2,2,0,1,0,1,1
2023-24,Lainey Spear,Portland,1,0,2.3,0,0,0,--,0,0,--,0,0,--,0,0,--,0,1,1,0,0,0,0,1
2023-24,Laney Scoggins,Presbyterian,2,0,12,0,0,1.5,0.00%,0,1,0.00%,0,0.5,0.00%,0,1,0.00%,0.5,1,1.5,0,0.5,0,0,1
2023-24,Clara Djoko,UC Irvine,1,0,2.4,0,0,0,--,0,0,--,0,0,--,0,0,--,0,0,0,0,0,0,0,0
2023-24,Shirel Nahum,UC Irvine,1,0,19.7,0,0,3,0.00%,0,1,0.00%,0,2,0.00%,0,0,--,0,0,0,0,1,0,0,3
2023-24,Amanda Muse,UCLA,1,0,1.7,0,0,0,--,0,0,--,0,0,--,0,0,--,0,0,0,0,0,0,1,0
2023-24,McKinna Brackens,UNLV,1,0,2.3,0,0,0,--,0,0,--,0,0,--,0,0,--,1,0,1,0,0,0,0,0
2023-24,Macy Spencer,UNLV,1,0,1.7,0,0,0,--,0,0,--,0,0,--,0,0,--,0,0,0,0,0,0,0,0
2023-24,Amari Bonds,UT Martin,1,0,4.4,0,0,1,0.00%,0,1,0.00%,0,0,--,0,0,--,0,1,1,0,0,0,0,0
2023-24,Kendal George,UT Martin,1,0,1.9,0,0,0,--,0,0,--,0,0,--,0,0,--,0,0,0,0,1,0,0,0
2023-24,Tori Rubel,UT Martin,1,0,10.9,0,0,0,--,0,0,--,0,0,--,0,0,--,0,1,1,0,1,1,0,0
2023-24,Alyssa Blanck,Utah,1,0,0.9,0,0,1,0.00%,0,0,--,0,1,0.00%,0,0,--,0,0,0,0,0,0,0,0
2023-24,Sam Crispe,Utah,1,0,2.9,0,0,0,--,0,0,--,0,0,--,0,0,--,0,0,0,0,0,0,0,1
2023-24,Reese Ross,Utah,1,0,3.7,0,0,0,--,0,0,--,0,0,--,0,0,--,0,1,1,0,1,1,0,1
2023-24,Aga Makurat,Vanderbilt,2,0,6.7,0,0,2,0.00%,0,0.5,0.00%,0,1.5,0.00%,0,0,--,0,0,0,1,0,0,0,1.5
2023-24,Aiyana Mitchell,Vanderbilt,1,0,0.3,0,0,0,--,0,0,--,0,0,--,0,0,--,0,0,0,0,0,0,0,0
2023-24,Samyha Suffren,Virginia Tech,1,0,0.1,0,0,0,--,0,0,--,0,0,--,0,0,--,0,0,0,0,0,0,0,0
2023-24,Claudia Fiel,California Baptist,1,0,2,0,0,1,0.00%,0,1,0.00%,0,0,--,0,0,--,0,0,0,0,0,0,0,1
2023-24,Sydney White,California Baptist,1,0,2,0,0,0,--,0,0,--,0,0,--,0,0,--,0,1,1,0,0,0,0,1
2023-24,Isabel Aesoph,South Dakota St.,1,0,0.9,0,0,0,--,0,0,--,0,0,--,0,0,--,0,1,1,0,0,0,0,0
2023-24,Tori Tollefson,South Dakota St.,1,0,0.9,0,0,0,--,0,0,--,0,0,--,0,0,--,0,0,0,0,0,0,0,0
2023-24,Violeta Verano,A&M-Corpus Christi,1,1,27.3,0,0,3,0.00%,0,1,0.00%,0,2,0.00%,0,0,--,0,2,2,5,3,0,1,1
2023-24,Paris Mullins,Norfolk St.,1,0,12.4,0,0,2,0.00%,0,2,0.00%,0,0,--,0,0,--,0,1,1,0,0,0,1,2
2023-24,Sophie Gerber,Colorado,2,0,1.4,0,0,0.5,0.00%,0,0,--,0,0.5,0.00%,0,0,--,0,0.5,0.5,0,0.5,0,0,0
2023-24,Nicole Stephens,Columbia,1,0,11.5,0,0,2,0.00%,0,1,0.00%,0,1,0.00%,0,0,--,0,0,0,0,2,0,0,0
2023-24,Momo LaClair,Drexel,1,0,1.5,0,0,0,--,0,0,--,0,0,--,0,0,--,0,0,0,0,0,0,0,0
2023-24,Lee Volker,Marquette,1,0,2.7,0,0,0,--,0,0,--,0,0,--,0,0,--,0,1,1,0,0,0,0,2
2023-24,Jaleesa Lawrence,Eastern Wash.,1,1,19.1,0,0,3,0.00%,0,1,0.00%,0,2,0.00%,0,0,--,1,1,2,0,0,3,0,3
2023-24,Andie Zylak,Eastern Wash.,1,0,2,0,0,3,0.00%,0,2,0.00%,0,1,0.00%,0,0,--,0,0,0,0,0,0,0,0
2023-24,Esther Little,Gonzaga,3,0,19.7,0,0,0.3,0.00%,0,0,--,0,0.3,0.00%,0,0,--,0,1.7,1.7,0.3,0.7,0,0,1.7
2023-24,Caelan Givens,Green Bay,1,0,1.8,0,0,0,--,0,0,--,0,0,--,0,0,--,0,0,0,0,0,0,0,1
2023-24,Grace Munt,Holy Cross,2,0,7.6,0,0,0.5,0.00%,0,0,--,0,0.5,0.00%,0,0,--,0,1,1,0,0.5,0,0,0
2023-24,Denae Fritz,Baylor,3,0,7.8,0,0,0.7,0.00%,0,0,--,0,0.7,0.00%,0,0,--,0,0.7,0.7,0,0,0,0,1
2023-24,Ja'Leah Hickmon,Jackson St.,1,0,13.2,0,0,0,--,0,0,--,0,0,--,0,0,--,0,1,1,0,0,0,0,2
2023-24,Areyanna Hunter,Jackson St.,1,0,13.4,0,0,0,--,0,0,--,0,0,--,0,0,--,0,2,2,3,1,0,0,0
2023-24,Danai Papadopoulou,Kansas,2,0,7.9,0,0,0.5,0.00%,0,0.5,0.00%,0,0,--,0,0,--,0.5,0,0.5,0,0.5,0,0,2.5
2023-24,Rebekah Dallinger,Kansas St.,1,0,0.3,0,0,0,--,0,0,--,0,0,--,0,0,--,0,0,0,0,0,0,0,0
2023-24,Bridget Dunn,Kent St.,1,1,39.1,0,0,6,0.00%,0,1,0.00%,0,5,0.00%,0,0,--,0,7,7,1,1,0,2,2
2023-24,Amani Bartlett,LSU,1,0,1.2,0,0,0,--,0,0,--,0,0,--,0,0,--,0,0,0,0,0,0,0,0
2023-24,Paula Gallego,Maine,1,0,9.6,0,0,1,0.00%,0,1,0.00%,0,0,--,0,0,--,0,1,1,1,0,0,0,2
2023-24,Sera Hodgson,Maine,1,0,13.8,0,0,0,--,0,0,--,0,0,--,0,0,--,0,0,0,0,2,0,0,0
2023-24,Aarionna Redman,Marshall,1,0,7.9,0,0,1,0.00%,0,0,--,0,1,0.00%,0,0,--,0,1,1,0,1,1,0,1
2023-24,Gracie Dodgen,Middle Tenn.,1,0,1.2,0,0,0,--,0,0,--,0,0,--,0,0,--,0,0,0,0,0,0,0,1
2023-24,Sarah Cernugel,Notre Dame,1,0,1,0,0,0,--,0,0,--,0,0,--,0,0,--,0,0,0,0,0,0,0,0
2023-24,Macie James,UNLV,1,0,7.6,0,0,0,--,0,0,--,0,0,--,0,0,--,0,1,1,0,0,0,0,0
2023-24,Parker Hill,Princeton,1,0,7.1,0,0,4,0.00%,0,4,0.00%,0,0,--,0,0,--,1,0,1,1,1,0,0,2
2023-24,Trinity Gooden,Rice,1,1,23.7,0,0,3,0.00%,0,3,0.00%,0,0,--,0,0,--,1,0,1,5,1,0,0,4
2023-24,Isnelle Natabou,Iowa St.,2,0,7.2,0,0,1,0.00%,0,1,0.00%,0,0,--,0,0,--,0.5,0,0.5,0.5,0.5,0,0,2
2023-24,Katie Peneueta,NC State,1,0,0.8,0,0,1,0.00%,0,0,--,0,1,0.00%,0,0,--,0,0,0,0,0,0,0,0
2023-24,Amelia Scharpf,UC Irvine,1,0,6.9,0,0,2,0.00%,0,0,--,0,2,0.00%,0,0,--,0,0,0,1,1,0,0,0
2023-24,Skyler Gill,Kansas,2,0,2.7,0,0,0,--,0,0,--,0,0,--,0,0,--,0,0.5,0.5,0,0,0,0,0
2023-24,Sasha Shishkina,A&M-Corpus Christi,1,0,3.6,0,0,0,--,0,0,--,0,0,--,0,0,--,0,1,1,0,0,0,1,0
2023-24,Catarina Ferreira,Baylor,1,0,0.2,0,0,0,--,0,0,--,0,0,--,0,0,--,0,0,0,0,0,0,0,0
2023-24,Brittany Harshaw,Creighton,1,0,1.7,0,0,0,--,0,0,--,0,0,--,0,0,--,0,0,0,0,0,0,0,0
2023-24,Jalyn McNeill,Drexel,1,0,1.5,0,0,0,--,0,0,--,0,0,--,0,0,--,0,0,0,0,0,0,0,0
2023-24,Addison Hall,Eastern Wash.,1,0,0.4,0,0,0,--,0,0,--,0,0,--,0,0,--,0,0,0,0,0,0,0,0
2023-24,Breeje Schuler,Eastern Wash.,1,0,1.3,0,0,0,--,0,0,--,0,0,--,0,0,--,0,0,0,0,0,0,0,0
2023-24,Lauren Beach,Fairfield,1,0,6.1,0,0,0,--,0,0,--,0,0,--,0,0,--,0,1,1,2,0,0,0,3
2023-24,Brianna Turnage,Florida St.,1,1,10.9,0,0,2,0.00%,0,2,0.00%,0,0,--,0,0,--,1,2,3,0,0,0,1,1
2023-24,Faith Pappas,Sacred Heart,1,0,2.4,0,0,0,--,0,0,--,0,0,--,0,0,--,0,0,0,0,0,0,0,0
2023-24,Meg Cahalan,Holy Cross,2,0,5.5,0,0,2,0.00%,0,0,--,0,2,0.00%,0,0,--,0,0,0,0,0,0,0,0
2023-24,Henna Sandvik,Indiana,1,0,4.2,0,0,0,--,0,0,--,0,0,--,0,0,--,0,2,2,1,0,0,0,0
2023-24,Elena Maier,Kent St.,1,0,4.4,0,0,1,0.00%,0,0,--,0,1,0.00%,0,0,--,0,0,0,0,1,0,0,0
2023-24,Izzy Besselman,LSU,1,0,1.2,0,0,0,--,0,0,--,0,0,--,0,0,--,0,0,0,0,0,0,0,0
2023-24,Alexia Mobley,Louisville,1,0,1.1,0,0,0,--,0,0,--,0,0,--,0,0,--,0,0,0,0,0,0,0,0
2023-24,Jaycie Christopher,Maine,1,0,3.7,0,0,1,0.00%,0,0,--,0,1,0.00%,0,0,--,1,1,2,0,0,0,0,0
2023-24,Anna Soler,Maine,1,0,0.9,0,0,0,--,0,0,--,0,0,--,0,0,--,0,0,0,0,0,0,0,0
2023-24,Peyton Ilderton,Marshall,1,0,6,0,0,0,--,0,0,--,0,0,--,0,0,--,2,0,2,0,0,0,0,1
2023-24,Abbey Kimball,Michigan St.,1,1,11.2,0,0,1,0.00%,0,0,--,0,1,0.00%,0,0,--,0,0,0,0,0,1,0,0
2023-24,Kaia Henderson,Ohio St.,1,0,1.8,0,0,0,--,0,0,--,0,0,--,0,0,--,0,0,0,0,0,0,0,1
2023-24,Martha Pietsch,Oregon St.,1,0,0.9,0,0,0,--,0,0,--,0,0,--,0,0,--,0,0,0,0,1,0,0,0
2023-24,Jazzy Owens-Barnett,Rice,1,0,6.7,0,0,3,0.00%,0,0,--,0,3,0.00%,0,0,--,0,1,1,0,1,2,0,1
2023-24,Rachel Ullstrom,Richmond,1,0,23.5,0,0,2,0.00%,0,1,0.00%,0,1,0.00%,0,0,--,0,5,5,0,1,1,0,2
2023-24,Amelia Wood,Sacred Heart,1,0,20,0,0,6,0.00%,0,2,0.00%,0,4,0.00%,0,0,--,1,3,4,0,1,0,0,4
2023-24,Ellie Colbeck,South Dakota St.,1,0,20.8,0,0,3,0.00%,0,1,0.00%,0,2,0.00%,0,0,--,0,1,1,0,0,0,0,1
2023-24,Natalie Nielsen,South Dakota St.,1,0,0.9,0,0,0,--,0,0,--,0,0,--,0,0,--,0,0,0,0,0,0,0,0
2023-24,Lauren Green,Stanford,1,0,1.5,0,0,0,--,0,0,--,0,0,--,0,0,--,0,0,0,0,0,0,0,0
2023-24,Stavi Papadaki,Stanford,1,0,1.5,0,0,0,--,0,0,--,0,0,--,0,0,--,0,0,0,0,0,0,0,1
2023-24,Edie Darby,Tennessee,1,0,3.7,0,0,2,0.00%,0,0,--,0,2,0.00%,0,0,--,0,0,0,0,0,0,0,0
2023-24,Sydney Bowles,Texas A&M,1,0,5.1,0,0,2,0.00%,0,1,0.00%,0,1,0.00%,0,0,--,2,1,3,0,1,0,0,1
2023-24,Tineya Hylton,Texas A&M,1,0,7.1,0,0,3,0.00%,0,2,0.00%,0,1,0.00%,0,0,--,0,1,1,1,1,3,0,2